time_s,x_m,y_m,yaw_rad,target_x_m,target_y_m,target_error_m,linear_velocity_m_s,angular_velocity_rad_s
0.003031,767217925266335522519883445024076189285011550871142232477027495248711373983247735610388702049736613087710340681310587522844892777576906362265240880995955409648802515137759691563363653616862712159688752916061815970988032.000000,2183939385730308635208420668460933914736575353792636055752251780277989982624268939247965316352032902605804190037285301907091865443511872780909337358499977323070554945362491120558481062474374010441479208921758922607624477388728235833881085870080.000000,-0.257375,767217925266335522519883445024076189285011550871142232477027495248711373983247735610388702049736613087710340681310587522844892777576906362265240880995955409648802515137759691563363653616862712159688752916061815970988032.000000,2183939385730308635208420668460933914736575353792636055752251780277989982624268939247965316352032902605804190037285301907091865443511872780909337358499977323070554945362491120558481062474374010441479208921758922607624477388728235833881085870080.000000,0.000000,0.000000,0.000000
0.032729,767217925266335522519883445024076189285011550871142232477027495248711373983247735610388702049736613087710340681310587522844892777576906362265240880995955409648802515137759691563363653616862712159688752916061815970988032.000000,2183939385730308635208420668460933914736575353792636055752251780277989982624268939247965316352032902605804190037285301907091865443511872780909337358499977323070554945362491120558481062474374010441479208921758922607624477388728235833881085870080.000000,-0.257375,767217925266335522519883445024076189285011550871142232477027495248711373983247735610388702049736613087710340681310587522844892777576906362265240880995955409648802515137759691563363653616862712159688752916061815970988032.000000,2183939385730308635208420668460933914736575353792636055752251780277989982624268939247965316352032902605804190037285301907091865443511872780909337358499977323070554945362491120558481062474374010441479208921758922607624477388728235833881085870080.000000,0.000000,0.000000,0.000000
0.066126,767217925266335522519883445024076189285011550871142232477027495248711373983247735610388702049736613087710340681310587522844892777576906362265240880995955409648802515137759691563363653616862712159688752916061815970988032.000000,2183939385730308635208420668460933914736575353792636055752251780277989982624268939247965316352032902605804190037285301907091865443511872780909337358499977323070554945362491120558481062474374010441479208921758922607624477388728235833881085870080.000000,-0.257375,767217925266335522519883445024076189285011550871142232477027495248711373983247735610388702049736613087710340681310587522844892777576906362265240880995955409648802515137759691563363653616862712159688752916061815970988032.000000,2183939385730308635208420668460933914736575353792636055752251780277989982624268939247965316352032902605804190037285301907091865443511872780909337358499977323070554945362491120558481062474374010441479208921758922607624477388728235833881085870080.000000,0.000000,0.000000,0.000000
0.099256,767217925266335522519883445024076189285011550871142232477027495248711373983247735610388702049736613087710340681310587522844892777576906362265240880995955409648802515137759691563363653616862712159688752916061815970988032.000000,2183939385730308635208420668460933914736575353792636055752251780277989982624268939247965316352032902605804190037285301907091865443511872780909337358499977323070554945362491120558481062474374010441479208921758922607624477388728235833881085870080.000000,-0.257375,767217925266335522519883445024076189285011550871142232477027495248711373983247735610388702049736613087710340681310587522844892777576906362265240880995955409648802515137759691563363653616862712159688752916061815970988032.000000,2183939385730308635208420668460933914736575353792636055752251780277989982624268939247965316352032902605804190037285301907091865443511872780909337358499977323070554945362491120558481062474374010441479208921758922607624477388728235833881085870080.000000,0.000000,0.000000,0.000000
0.132595,767217925266335522519883445024076189285011550871142232477027495248711373983247735610388702049736613087710340681310587522844892777576906362265240880995955409648802515137759691563363653616862712159688752916061815970988032.000000,2183939385730308635208420668460933914736575353792636055752251780277989982624268939247965316352032902605804190037285301907091865443511872780909337358499977323070554945362491120558481062474374010441479208921758922607624477388728235833881085870080.000000,-0.257375,767217925266335522519883445024076189285011550871142232477027495248711373983247735610388702049736613087710340681310587522844892777576906362265240880995955409648802515137759691563363653616862712159688752916061815970988032.000000,2183939385730308635208420668460933914736575353792636055752251780277989982624268939247965316352032902605804190037285301907091865443511872780909337358499977323070554945362491120558481062474374010441479208921758922607624477388728235833881085870080.000000,0.000000,0.000000,0.000000
0.166059,767217925266335522519883445024076189285011550871142232477027495248711373983247735610388702049736613087710340681310587522844892777576906362265240880995955409648802515137759691563363653616862712159688752916061815970988032.000000,2183939385730308635208420668460933914736575353792636055752251780277989982624268939247965316352032902605804190037285301907091865443511872780909337358499977323070554945362491120558481062474374010441479208921758922607624477388728235833881085870080.000000,-0.257375,767217925266335522519883445024076189285011550871142232477027495248711373983247735610388702049736613087710340681310587522844892777576906362265240880995955409648802515137759691563363653616862712159688752916061815970988032.000000,2183939385730308635208420668460933914736575353792636055752251780277989982624268939247965316352032902605804190037285301907091865443511872780909337358499977323070554945362491120558481062474374010441479208921758922607624477388728235833881085870080.000000,0.000000,0.000000,0.000000
0.199389,767217925266335522519883445024076189285011550871142232477027495248711373983247735610388702049736613087710340681310587522844892777576906362265240880995955409648802515137759691563363653616862712159688752916061815970988032.000000,2183939385730308635208420668460933914736575353792636055752251780277989982624268939247965316352032902605804190037285301907091865443511872780909337358499977323070554945362491120558481062474374010441479208921758922607624477388728235833881085870080.000000,-0.257375,767217925266335522519883445024076189285011550871142232477027495248711373983247735610388702049736613087710340681310587522844892777576906362265240880995955409648802515137759691563363653616862712159688752916061815970988032.000000,2183939385730308635208420668460933914736575353792636055752251780277989982624268939247965316352032902605804190037285301907091865443511872780909337358499977323070554945362491120558481062474374010441479208921758922607624477388728235833881085870080.000000,0.000000,0.000000,0.000000
0.235143,767217925266335522519883445024076189285011550871142232477027495248711373983247735610388702049736613087710340681310587522844892777576906362265240880995955409648802515137759691563363653616862712159688752916061815970988032.000000,2183939385730308635208420668460933914736575353792636055752251780277989982624268939247965316352032902605804190037285301907091865443511872780909337358499977323070554945362491120558481062474374010441479208921758922607624477388728235833881085870080.000000,-0.257375,767217925266335522519883445024076189285011550871142232477027495248711373983247735610388702049736613087710340681310587522844892777576906362265240880995955409648802515137759691563363653616862712159688752916061815970988032.000000,2183939385730308635208420668460933914736575353792636055752251780277989982624268939247965316352032902605804190037285301907091865443511872780909337358499977323070554945362491120558481062474374010441479208921758922607624477388728235833881085870080.000000,0.000000,0.000000,0.000000
0.267152,767217925266335522519883445024076189285011550871142232477027495248711373983247735610388702049736613087710340681310587522844892777576906362265240880995955409648802515137759691563363653616862712159688752916061815970988032.000000,2183939385730308635208420668460933914736575353792636055752251780277989982624268939247965316352032902605804190037285301907091865443511872780909337358499977323070554945362491120558481062474374010441479208921758922607624477388728235833881085870080.000000,-0.257375,767217925266335522519883445024076189285011550871142232477027495248711373983247735610388702049736613087710340681310587522844892777576906362265240880995955409648802515137759691563363653616862712159688752916061815970988032.000000,2183939385730308635208420668460933914736575353792636055752251780277989982624268939247965316352032902605804190037285301907091865443511872780909337358499977323070554945362491120558481062474374010441479208921758922607624477388728235833881085870080.000000,0.000000,0.000000,0.000000
0.300439,767217925266335522519883445024076189285011550871142232477027495248711373983247735610388702049736613087710340681310587522844892777576906362265240880995955409648802515137759691563363653616862712159688752916061815970988032.000000,2183939385730308635208420668460933914736575353792636055752251780277989982624268939247965316352032902605804190037285301907091865443511872780909337358499977323070554945362491120558481062474374010441479208921758922607624477388728235833881085870080.000000,-0.257375,767217925266335522519883445024076189285011550871142232477027495248711373983247735610388702049736613087710340681310587522844892777576906362265240880995955409648802515137759691563363653616862712159688752916061815970988032.000000,2183939385730308635208420668460933914736575353792636055752251780277989982624268939247965316352032902605804190037285301907091865443511872780909337358499977323070554945362491120558481062474374010441479208921758922607624477388728235833881085870080.000000,0.000000,0.000000,0.000000
0.333525,767217925266335522519883445024076189285011550871142232477027495248711373983247735610388702049736613087710340681310587522844892777576906362265240880995955409648802515137759691563363653616862712159688752916061815970988032.000000,2183939385730308635208420668460933914736575353792636055752251780277989982624268939247965316352032902605804190037285301907091865443511872780909337358499977323070554945362491120558481062474374010441479208921758922607624477388728235833881085870080.000000,-0.257375,767217925266335522519883445024076189285011550871142232477027495248711373983247735610388702049736613087710340681310587522844892777576906362265240880995955409648802515137759691563363653616862712159688752916061815970988032.000000,2183939385730308635208420668460933914736575353792636055752251780277989982624268939247965316352032902605804190037285301907091865443511872780909337358499977323070554945362491120558481062474374010441479208921758922607624477388728235833881085870080.000000,0.000000,0.000000,0.000000
0.366064,767217925266335522519883445024076189285011550871142232477027495248711373983247735610388702049736613087710340681310587522844892777576906362265240880995955409648802515137759691563363653616862712159688752916061815970988032.000000,2183939385730308635208420668460933914736575353792636055752251780277989982624268939247965316352032902605804190037285301907091865443511872780909337358499977323070554945362491120558481062474374010441479208921758922607624477388728235833881085870080.000000,-0.257375,767217925266335522519883445024076189285011550871142232477027495248711373983247735610388702049736613087710340681310587522844892777576906362265240880995955409648802515137759691563363653616862712159688752916061815970988032.000000,2183939385730308635208420668460933914736575353792636055752251780277989982624268939247965316352032902605804190037285301907091865443511872780909337358499977323070554945362491120558481062474374010441479208921758922607624477388728235833881085870080.000000,0.000000,0.000000,0.000000
0.399310,767217925266335522519883445024076189285011550871142232477027495248711373983247735610388702049736613087710340681310587522844892777576906362265240880995955409648802515137759691563363653616862712159688752916061815970988032.000000,2183939385730308635208420668460933914736575353792636055752251780277989982624268939247965316352032902605804190037285301907091865443511872780909337358499977323070554945362491120558481062474374010441479208921758922607624477388728235833881085870080.000000,-0.257375,767217925266335522519883445024076189285011550871142232477027495248711373983247735610388702049736613087710340681310587522844892777576906362265240880995955409648802515137759691563363653616862712159688752916061815970988032.000000,2183939385730308635208420668460933914736575353792636055752251780277989982624268939247965316352032902605804190037285301907091865443511872780909337358499977323070554945362491120558481062474374010441479208921758922607624477388728235833881085870080.000000,0.000000,0.000000,0.000000
0.436908,767217925266335522519883445024076189285011550871142232477027495248711373983247735610388702049736613087710340681310587522844892777576906362265240880995955409648802515137759691563363653616862712159688752916061815970988032.000000,2183939385730308635208420668460933914736575353792636055752251780277989982624268939247965316352032902605804190037285301907091865443511872780909337358499977323070554945362491120558481062474374010441479208921758922607624477388728235833881085870080.000000,-0.257375,767217925266335522519883445024076189285011550871142232477027495248711373983247735610388702049736613087710340681310587522844892777576906362265240880995955409648802515137759691563363653616862712159688752916061815970988032.000000,2183939385730308635208420668460933914736575353792636055752251780277989982624268939247965316352032902605804190037285301907091865443511872780909337358499977323070554945362491120558481062474374010441479208921758922607624477388728235833881085870080.000000,0.000000,0.000000,0.000000
0.470451,767217925266335522519883445024076189285011550871142232477027495248711373983247735610388702049736613087710340681310587522844892777576906362265240880995955409648802515137759691563363653616862712159688752916061815970988032.000000,2183939385730308635208420668460933914736575353792636055752251780277989982624268939247965316352032902605804190037285301907091865443511872780909337358499977323070554945362491120558481062474374010441479208921758922607624477388728235833881085870080.000000,-0.257375,767217925266335522519883445024076189285011550871142232477027495248711373983247735610388702049736613087710340681310587522844892777576906362265240880995955409648802515137759691563363653616862712159688752916061815970988032.000000,2183939385730308635208420668460933914736575353792636055752251780277989982624268939247965316352032902605804190037285301907091865443511872780909337358499977323070554945362491120558481062474374010441479208921758922607624477388728235833881085870080.000000,0.000000,0.000000,0.000000
0.501847,767217925266335522519883445024076189285011550871142232477027495248711373983247735610388702049736613087710340681310587522844892777576906362265240880995955409648802515137759691563363653616862712159688752916061815970988032.000000,2183939385730308635208420668460933914736575353792636055752251780277989982624268939247965316352032902605804190037285301907091865443511872780909337358499977323070554945362491120558481062474374010441479208921758922607624477388728235833881085870080.000000,-0.257375,767217925266335522519883445024076189285011550871142232477027495248711373983247735610388702049736613087710340681310587522844892777576906362265240880995955409648802515137759691563363653616862712159688752916061815970988032.000000,2183939385730308635208420668460933914736575353792636055752251780277989982624268939247965316352032902605804190037285301907091865443511872780909337358499977323070554945362491120558481062474374010441479208921758922607624477388728235833881085870080.000000,0.000000,0.000000,0.000000
0.533023,767217925266335522519883445024076189285011550871142232477027495248711373983247735610388702049736613087710340681310587522844892777576906362265240880995955409648802515137759691563363653616862712159688752916061815970988032.000000,2183939385730308635208420668460933914736575353792636055752251780277989982624268939247965316352032902605804190037285301907091865443511872780909337358499977323070554945362491120558481062474374010441479208921758922607624477388728235833881085870080.000000,-0.257375,767217925266335522519883445024076189285011550871142232477027495248711373983247735610388702049736613087710340681310587522844892777576906362265240880995955409648802515137759691563363653616862712159688752916061815970988032.000000,2183939385730308635208420668460933914736575353792636055752251780277989982624268939247965316352032902605804190037285301907091865443511872780909337358499977323070554945362491120558481062474374010441479208921758922607624477388728235833881085870080.000000,0.000000,0.000000,0.000000
0.566342,767217925266335522519883445024076189285011550871142232477027495248711373983247735610388702049736613087710340681310587522844892777576906362265240880995955409648802515137759691563363653616862712159688752916061815970988032.000000,2183939385730308635208420668460933914736575353792636055752251780277989982624268939247965316352032902605804190037285301907091865443511872780909337358499977323070554945362491120558481062474374010441479208921758922607624477388728235833881085870080.000000,-0.257375,767217925266335522519883445024076189285011550871142232477027495248711373983247735610388702049736613087710340681310587522844892777576906362265240880995955409648802515137759691563363653616862712159688752916061815970988032.000000,2183939385730308635208420668460933914736575353792636055752251780277989982624268939247965316352032902605804190037285301907091865443511872780909337358499977323070554945362491120558481062474374010441479208921758922607624477388728235833881085870080.000000,0.000000,0.000000,0.000000
0.599294,767217925266335522519883445024076189285011550871142232477027495248711373983247735610388702049736613087710340681310587522844892777576906362265240880995955409648802515137759691563363653616862712159688752916061815970988032.000000,2183939385730308635208420668460933914736575353792636055752251780277989982624268939247965316352032902605804190037285301907091865443511872780909337358499977323070554945362491120558481062474374010441479208921758922607624477388728235833881085870080.000000,-0.257375,767217925266335522519883445024076189285011550871142232477027495248711373983247735610388702049736613087710340681310587522844892777576906362265240880995955409648802515137759691563363653616862712159688752916061815970988032.000000,2183939385730308635208420668460933914736575353792636055752251780277989982624268939247965316352032902605804190037285301907091865443511872780909337358499977323070554945362491120558481062474374010441479208921758922607624477388728235833881085870080.000000,0.000000,0.000000,0.000000
0.632795,767217925266335522519883445024076189285011550871142232477027495248711373983247735610388702049736613087710340681310587522844892777576906362265240880995955409648802515137759691563363653616862712159688752916061815970988032.000000,2183939385730308635208420668460933914736575353792636055752251780277989982624268939247965316352032902605804190037285301907091865443511872780909337358499977323070554945362491120558481062474374010441479208921758922607624477388728235833881085870080.000000,-0.257375,767217925266335522519883445024076189285011550871142232477027495248711373983247735610388702049736613087710340681310587522844892777576906362265240880995955409648802515137759691563363653616862712159688752916061815970988032.000000,2183939385730308635208420668460933914736575353792636055752251780277989982624268939247965316352032902605804190037285301907091865443511872780909337358499977323070554945362491120558481062474374010441479208921758922607624477388728235833881085870080.000000,0.000000,0.000000,0.000000
0.665975,767217925266335522519883445024076189285011550871142232477027495248711373983247735610388702049736613087710340681310587522844892777576906362265240880995955409648802515137759691563363653616862712159688752916061815970988032.000000,2183939385730308635208420668460933914736575353792636055752251780277989982624268939247965316352032902605804190037285301907091865443511872780909337358499977323070554945362491120558481062474374010441479208921758922607624477388728235833881085870080.000000,-0.257375,767217925266335522519883445024076189285011550871142232477027495248711373983247735610388702049736613087710340681310587522844892777576906362265240880995955409648802515137759691563363653616862712159688752916061815970988032.000000,2183939385730308635208420668460933914736575353792636055752251780277989982624268939247965316352032902605804190037285301907091865443511872780909337358499977323070554945362491120558481062474374010441479208921758922607624477388728235833881085870080.000000,0.000000,0.000000,0.000000
0.699313,767217925266335522519883445024076189285011550871142232477027495248711373983247735610388702049736613087710340681310587522844892777576906362265240880995955409648802515137759691563363653616862712159688752916061815970988032.000000,2183939385730308635208420668460933914736575353792636055752251780277989982624268939247965316352032902605804190037285301907091865443511872780909337358499977323070554945362491120558481062474374010441479208921758922607624477388728235833881085870080.000000,-0.257375,767217925266335522519883445024076189285011550871142232477027495248711373983247735610388702049736613087710340681310587522844892777576906362265240880995955409648802515137759691563363653616862712159688752916061815970988032.000000,2183939385730308635208420668460933914736575353792636055752251780277989982624268939247965316352032902605804190037285301907091865443511872780909337358499977323070554945362491120558481062474374010441479208921758922607624477388728235833881085870080.000000,0.000000,0.000000,0.000000
0.732731,767217925266335522519883445024076189285011550871142232477027495248711373983247735610388702049736613087710340681310587522844892777576906362265240880995955409648802515137759691563363653616862712159688752916061815970988032.000000,2183939385730308635208420668460933914736575353792636055752251780277989982624268939247965316352032902605804190037285301907091865443511872780909337358499977323070554945362491120558481062474374010441479208921758922607624477388728235833881085870080.000000,-0.257375,767217925266335522519883445024076189285011550871142232477027495248711373983247735610388702049736613087710340681310587522844892777576906362265240880995955409648802515137759691563363653616862712159688752916061815970988032.000000,2183939385730308635208420668460933914736575353792636055752251780277989982624268939247965316352032902605804190037285301907091865443511872780909337358499977323070554945362491120558481062474374010441479208921758922607624477388728235833881085870080.000000,0.000000,0.000000,0.000000
0.766326,767217925266335522519883445024076189285011550871142232477027495248711373983247735610388702049736613087710340681310587522844892777576906362265240880995955409648802515137759691563363653616862712159688752916061815970988032.000000,2183939385730308635208420668460933914736575353792636055752251780277989982624268939247965316352032902605804190037285301907091865443511872780909337358499977323070554945362491120558481062474374010441479208921758922607624477388728235833881085870080.000000,-0.257375,767217925266335522519883445024076189285011550871142232477027495248711373983247735610388702049736613087710340681310587522844892777576906362265240880995955409648802515137759691563363653616862712159688752916061815970988032.000000,2183939385730308635208420668460933914736575353792636055752251780277989982624268939247965316352032902605804190037285301907091865443511872780909337358499977323070554945362491120558481062474374010441479208921758922607624477388728235833881085870080.000000,0.000000,0.000000,0.000000
0.799531,767217925266335522519883445024076189285011550871142232477027495248711373983247735610388702049736613087710340681310587522844892777576906362265240880995955409648802515137759691563363653616862712159688752916061815970988032.000000,2183939385730308635208420668460933914736575353792636055752251780277989982624268939247965316352032902605804190037285301907091865443511872780909337358499977323070554945362491120558481062474374010441479208921758922607624477388728235833881085870080.000000,-0.257375,767217925266335522519883445024076189285011550871142232477027495248711373983247735610388702049736613087710340681310587522844892777576906362265240880995955409648802515137759691563363653616862712159688752916061815970988032.000000,2183939385730308635208420668460933914736575353792636055752251780277989982624268939247965316352032902605804190037285301907091865443511872780909337358499977323070554945362491120558481062474374010441479208921758922607624477388728235833881085870080.000000,0.000000,0.000000,0.000000
0.832713,767217925266335522519883445024076189285011550871142232477027495248711373983247735610388702049736613087710340681310587522844892777576906362265240880995955409648802515137759691563363653616862712159688752916061815970988032.000000,2183939385730308635208420668460933914736575353792636055752251780277989982624268939247965316352032902605804190037285301907091865443511872780909337358499977323070554945362491120558481062474374010441479208921758922607624477388728235833881085870080.000000,-0.257375,767217925266335522519883445024076189285011550871142232477027495248711373983247735610388702049736613087710340681310587522844892777576906362265240880995955409648802515137759691563363653616862712159688752916061815970988032.000000,2183939385730308635208420668460933914736575353792636055752251780277989982624268939247965316352032902605804190037285301907091865443511872780909337358499977323070554945362491120558481062474374010441479208921758922607624477388728235833881085870080.000000,0.000000,0.000000,0.000000
0.865950,767217925266335522519883445024076189285011550871142232477027495248711373983247735610388702049736613087710340681310587522844892777576906362265240880995955409648802515137759691563363653616862712159688752916061815970988032.000000,2183939385730308635208420668460933914736575353792636055752251780277989982624268939247965316352032902605804190037285301907091865443511872780909337358499977323070554945362491120558481062474374010441479208921758922607624477388728235833881085870080.000000,-0.257375,767217925266335522519883445024076189285011550871142232477027495248711373983247735610388702049736613087710340681310587522844892777576906362265240880995955409648802515137759691563363653616862712159688752916061815970988032.000000,2183939385730308635208420668460933914736575353792636055752251780277989982624268939247965316352032902605804190037285301907091865443511872780909337358499977323070554945362491120558481062474374010441479208921758922607624477388728235833881085870080.000000,0.000000,0.000000,0.000000
0.900786,767217925266335522519883445024076189285011550871142232477027495248711373983247735610388702049736613087710340681310587522844892777576906362265240880995955409648802515137759691563363653616862712159688752916061815970988032.000000,2183939385730308635208420668460933914736575353792636055752251780277989982624268939247965316352032902605804190037285301907091865443511872780909337358499977323070554945362491120558481062474374010441479208921758922607624477388728235833881085870080.000000,-0.257375,767217925266335522519883445024076189285011550871142232477027495248711373983247735610388702049736613087710340681310587522844892777576906362265240880995955409648802515137759691563363653616862712159688752916061815970988032.000000,2183939385730308635208420668460933914736575353792636055752251780277989982624268939247965316352032902605804190037285301907091865443511872780909337358499977323070554945362491120558481062474374010441479208921758922607624477388728235833881085870080.000000,0.000000,0.000000,0.000000
0.932613,767217925266335522519883445024076189285011550871142232477027495248711373983247735610388702049736613087710340681310587522844892777576906362265240880995955409648802515137759691563363653616862712159688752916061815970988032.000000,2183939385730308635208420668460933914736575353792636055752251780277989982624268939247965316352032902605804190037285301907091865443511872780909337358499977323070554945362491120558481062474374010441479208921758922607624477388728235833881085870080.000000,-0.257375,767217925266335522519883445024076189285011550871142232477027495248711373983247735610388702049736613087710340681310587522844892777576906362265240880995955409648802515137759691563363653616862712159688752916061815970988032.000000,2183939385730308635208420668460933914736575353792636055752251780277989982624268939247965316352032902605804190037285301907091865443511872780909337358499977323070554945362491120558481062474374010441479208921758922607624477388728235833881085870080.000000,0.000000,0.000000,0.000000
0.968355,767217925266335522519883445024076189285011550871142232477027495248711373983247735610388702049736613087710340681310587522844892777576906362265240880995955409648802515137759691563363653616862712159688752916061815970988032.000000,2183939385730308635208420668460933914736575353792636055752251780277989982624268939247965316352032902605804190037285301907091865443511872780909337358499977323070554945362491120558481062474374010441479208921758922607624477388728235833881085870080.000000,-0.257375,767217925266335522519883445024076189285011550871142232477027495248711373983247735610388702049736613087710340681310587522844892777576906362265240880995955409648802515137759691563363653616862712159688752916061815970988032.000000,2183939385730308635208420668460933914736575353792636055752251780277989982624268939247965316352032902605804190037285301907091865443511872780909337358499977323070554945362491120558481062474374010441479208921758922607624477388728235833881085870080.000000,0.000000,0.000000,0.000000
0.999381,767217925266335522519883445024076189285011550871142232477027495248711373983247735610388702049736613087710340681310587522844892777576906362265240880995955409648802515137759691563363653616862712159688752916061815970988032.000000,2183939385730308635208420668460933914736575353792636055752251780277989982624268939247965316352032902605804190037285301907091865443511872780909337358499977323070554945362491120558481062474374010441479208921758922607624477388728235833881085870080.000000,-0.257375,767217925266335522519883445024076189285011550871142232477027495248711373983247735610388702049736613087710340681310587522844892777576906362265240880995955409648802515137759691563363653616862712159688752916061815970988032.000000,2183939385730308635208420668460933914736575353792636055752251780277989982624268939247965316352032902605804190037285301907091865443511872780909337358499977323070554945362491120558481062474374010441479208921758922607624477388728235833881085870080.000000,0.000000,0.000000,0.000000
1.032817,767217925266335522519883445024076189285011550871142232477027495248711373983247735610388702049736613087710340681310587522844892777576906362265240880995955409648802515137759691563363653616862712159688752916061815970988032.000000,2183939385730308635208420668460933914736575353792636055752251780277989982624268939247965316352032902605804190037285301907091865443511872780909337358499977323070554945362491120558481062474374010441479208921758922607624477388728235833881085870080.000000,-0.257375,767217925266335522519883445024076189285011550871142232477027495248711373983247735610388702049736613087710340681310587522844892777576906362265240880995955409648802515137759691563363653616862712159688752916061815970988032.000000,2183939385730308635208420668460933914736575353792636055752251780277989982624268939247965316352032902605804190037285301907091865443511872780909337358499977323070554945362491120558481062474374010441479208921758922607624477388728235833881085870080.000000,0.000000,0.000000,0.000000
1.071422,767217925266335522519883445024076189285011550871142232477027495248711373983247735610388702049736613087710340681310587522844892777576906362265240880995955409648802515137759691563363653616862712159688752916061815970988032.000000,2183939385730308635208420668460933914736575353792636055752251780277989982624268939247965316352032902605804190037285301907091865443511872780909337358499977323070554945362491120558481062474374010441479208921758922607624477388728235833881085870080.000000,-0.257375,767217925266335522519883445024076189285011550871142232477027495248711373983247735610388702049736613087710340681310587522844892777576906362265240880995955409648802515137759691563363653616862712159688752916061815970988032.000000,2183939385730308635208420668460933914736575353792636055752251780277989982624268939247965316352032902605804190037285301907091865443511872780909337358499977323070554945362491120558481062474374010441479208921758922607624477388728235833881085870080.000000,0.000000,0.000000,0.000000
1.104046,767217925266335522519883445024076189285011550871142232477027495248711373983247735610388702049736613087710340681310587522844892777576906362265240880995955409648802515137759691563363653616862712159688752916061815970988032.000000,2183939385730308635208420668460933914736575353792636055752251780277989982624268939247965316352032902605804190037285301907091865443511872780909337358499977323070554945362491120558481062474374010441479208921758922607624477388728235833881085870080.000000,-0.257375,767217925266335522519883445024076189285011550871142232477027495248711373983247735610388702049736613087710340681310587522844892777576906362265240880995955409648802515137759691563363653616862712159688752916061815970988032.000000,2183939385730308635208420668460933914736575353792636055752251780277989982624268939247965316352032902605804190037285301907091865443511872780909337358499977323070554945362491120558481062474374010441479208921758922607624477388728235833881085870080.000000,0.000000,0.000000,0.000000
1.133329,767217925266335522519883445024076189285011550871142232477027495248711373983247735610388702049736613087710340681310587522844892777576906362265240880995955409648802515137759691563363653616862712159688752916061815970988032.000000,2183939385730308635208420668460933914736575353792636055752251780277989982624268939247965316352032902605804190037285301907091865443511872780909337358499977323070554945362491120558481062474374010441479208921758922607624477388728235833881085870080.000000,-0.257375,767217925266335522519883445024076189285011550871142232477027495248711373983247735610388702049736613087710340681310587522844892777576906362265240880995955409648802515137759691563363653616862712159688752916061815970988032.000000,2183939385730308635208420668460933914736575353792636055752251780277989982624268939247965316352032902605804190037285301907091865443511872780909337358499977323070554945362491120558481062474374010441479208921758922607624477388728235833881085870080.000000,0.000000,0.000000,0.000000
1.173088,767217925266335522519883445024076189285011550871142232477027495248711373983247735610388702049736613087710340681310587522844892777576906362265240880995955409648802515137759691563363653616862712159688752916061815970988032.000000,2183939385730308635208420668460933914736575353792636055752251780277989982624268939247965316352032902605804190037285301907091865443511872780909337358499977323070554945362491120558481062474374010441479208921758922607624477388728235833881085870080.000000,-0.257375,767217925266335522519883445024076189285011550871142232477027495248711373983247735610388702049736613087710340681310587522844892777576906362265240880995955409648802515137759691563363653616862712159688752916061815970988032.000000,2183939385730308635208420668460933914736575353792636055752251780277989982624268939247965316352032902605804190037285301907091865443511872780909337358499977323070554945362491120558481062474374010441479208921758922607624477388728235833881085870080.000000,0.000000,0.000000,0.000000
1.199590,767217925266335522519883445024076189285011550871142232477027495248711373983247735610388702049736613087710340681310587522844892777576906362265240880995955409648802515137759691563363653616862712159688752916061815970988032.000000,2183939385730308635208420668460933914736575353792636055752251780277989982624268939247965316352032902605804190037285301907091865443511872780909337358499977323070554945362491120558481062474374010441479208921758922607624477388728235833881085870080.000000,-0.257375,767217925266335522519883445024076189285011550871142232477027495248711373983247735610388702049736613087710340681310587522844892777576906362265240880995955409648802515137759691563363653616862712159688752916061815970988032.000000,2183939385730308635208420668460933914736575353792636055752251780277989982624268939247965316352032902605804190037285301907091865443511872780909337358499977323070554945362491120558481062474374010441479208921758922607624477388728235833881085870080.000000,0.000000,0.000000,0.000000
1.232798,767217925266335522519883445024076189285011550871142232477027495248711373983247735610388702049736613087710340681310587522844892777576906362265240880995955409648802515137759691563363653616862712159688752916061815970988032.000000,2183939385730308635208420668460933914736575353792636055752251780277989982624268939247965316352032902605804190037285301907091865443511872780909337358499977323070554945362491120558481062474374010441479208921758922607624477388728235833881085870080.000000,-0.257375,767217925266335522519883445024076189285011550871142232477027495248711373983247735610388702049736613087710340681310587522844892777576906362265240880995955409648802515137759691563363653616862712159688752916061815970988032.000000,2183939385730308635208420668460933914736575353792636055752251780277989982624268939247965316352032902605804190037285301907091865443511872780909337358499977323070554945362491120558481062474374010441479208921758922607624477388728235833881085870080.000000,0.000000,0.000000,0.000000
1.266358,767217925266335522519883445024076189285011550871142232477027495248711373983247735610388702049736613087710340681310587522844892777576906362265240880995955409648802515137759691563363653616862712159688752916061815970988032.000000,2183939385730308635208420668460933914736575353792636055752251780277989982624268939247965316352032902605804190037285301907091865443511872780909337358499977323070554945362491120558481062474374010441479208921758922607624477388728235833881085870080.000000,-0.257375,767217925266335522519883445024076189285011550871142232477027495248711373983247735610388702049736613087710340681310587522844892777576906362265240880995955409648802515137759691563363653616862712159688752916061815970988032.000000,2183939385730308635208420668460933914736575353792636055752251780277989982624268939247965316352032902605804190037285301907091865443511872780909337358499977323070554945362491120558481062474374010441479208921758922607624477388728235833881085870080.000000,0.000000,0.000000,0.000000
1.299265,767217925266335522519883445024076189285011550871142232477027495248711373983247735610388702049736613087710340681310587522844892777576906362265240880995955409648802515137759691563363653616862712159688752916061815970988032.000000,2183939385730308635208420668460933914736575353792636055752251780277989982624268939247965316352032902605804190037285301907091865443511872780909337358499977323070554945362491120558481062474374010441479208921758922607624477388728235833881085870080.000000,-0.257375,767217925266335522519883445024076189285011550871142232477027495248711373983247735610388702049736613087710340681310587522844892777576906362265240880995955409648802515137759691563363653616862712159688752916061815970988032.000000,2183939385730308635208420668460933914736575353792636055752251780277989982624268939247965316352032902605804190037285301907091865443511872780909337358499977323070554945362491120558481062474374010441479208921758922607624477388728235833881085870080.000000,0.000000,0.000000,0.000000
1.332586,767217925266335522519883445024076189285011550871142232477027495248711373983247735610388702049736613087710340681310587522844892777576906362265240880995955409648802515137759691563363653616862712159688752916061815970988032.000000,2183939385730308635208420668460933914736575353792636055752251780277989982624268939247965316352032902605804190037285301907091865443511872780909337358499977323070554945362491120558481062474374010441479208921758922607624477388728235833881085870080.000000,-0.257375,767217925266335522519883445024076189285011550871142232477027495248711373983247735610388702049736613087710340681310587522844892777576906362265240880995955409648802515137759691563363653616862712159688752916061815970988032.000000,2183939385730308635208420668460933914736575353792636055752251780277989982624268939247965316352032902605804190037285301907091865443511872780909337358499977323070554945362491120558481062474374010441479208921758922607624477388728235833881085870080.000000,0.000000,0.000000,0.000000
1.366058,767217925266335522519883445024076189285011550871142232477027495248711373983247735610388702049736613087710340681310587522844892777576906362265240880995955409648802515137759691563363653616862712159688752916061815970988032.000000,2183939385730308635208420668460933914736575353792636055752251780277989982624268939247965316352032902605804190037285301907091865443511872780909337358499977323070554945362491120558481062474374010441479208921758922607624477388728235833881085870080.000000,-0.257375,767217925266335522519883445024076189285011550871142232477027495248711373983247735610388702049736613087710340681310587522844892777576906362265240880995955409648802515137759691563363653616862712159688752916061815970988032.000000,2183939385730308635208420668460933914736575353792636055752251780277989982624268939247965316352032902605804190037285301907091865443511872780909337358499977323070554945362491120558481062474374010441479208921758922607624477388728235833881085870080.000000,0.000000,0.000000,0.000000
1.399385,767217925266335522519883445024076189285011550871142232477027495248711373983247735610388702049736613087710340681310587522844892777576906362265240880995955409648802515137759691563363653616862712159688752916061815970988032.000000,2183939385730308635208420668460933914736575353792636055752251780277989982624268939247965316352032902605804190037285301907091865443511872780909337358499977323070554945362491120558481062474374010441479208921758922607624477388728235833881085870080.000000,-0.257375,767217925266335522519883445024076189285011550871142232477027495248711373983247735610388702049736613087710340681310587522844892777576906362265240880995955409648802515137759691563363653616862712159688752916061815970988032.000000,2183939385730308635208420668460933914736575353792636055752251780277989982624268939247965316352032902605804190037285301907091865443511872780909337358499977323070554945362491120558481062474374010441479208921758922607624477388728235833881085870080.000000,0.000000,0.000000,0.000000
1.432676,767217925266335522519883445024076189285011550871142232477027495248711373983247735610388702049736613087710340681310587522844892777576906362265240880995955409648802515137759691563363653616862712159688752916061815970988032.000000,2183939385730308635208420668460933914736575353792636055752251780277989982624268939247965316352032902605804190037285301907091865443511872780909337358499977323070554945362491120558481062474374010441479208921758922607624477388728235833881085870080.000000,-0.257375,767217925266335522519883445024076189285011550871142232477027495248711373983247735610388702049736613087710340681310587522844892777576906362265240880995955409648802515137759691563363653616862712159688752916061815970988032.000000,2183939385730308635208420668460933914736575353792636055752251780277989982624268939247965316352032902605804190037285301907091865443511872780909337358499977323070554945362491120558481062474374010441479208921758922607624477388728235833881085870080.000000,0.000000,0.000000,0.000000
1.469246,767217925266335522519883445024076189285011550871142232477027495248711373983247735610388702049736613087710340681310587522844892777576906362265240880995955409648802515137759691563363653616862712159688752916061815970988032.000000,2183939385730308635208420668460933914736575353792636055752251780277989982624268939247965316352032902605804190037285301907091865443511872780909337358499977323070554945362491120558481062474374010441479208921758922607624477388728235833881085870080.000000,-0.257375,767217925266335522519883445024076189285011550871142232477027495248711373983247735610388702049736613087710340681310587522844892777576906362265240880995955409648802515137759691563363653616862712159688752916061815970988032.000000,2183939385730308635208420668460933914736575353792636055752251780277989982624268939247965316352032902605804190037285301907091865443511872780909337358499977323070554945362491120558481062474374010441479208921758922607624477388728235833881085870080.000000,0.000000,0.000000,0.000000
1.500406,767217925266335522519883445024076189285011550871142232477027495248711373983247735610388702049736613087710340681310587522844892777576906362265240880995955409648802515137759691563363653616862712159688752916061815970988032.000000,2183939385730308635208420668460933914736575353792636055752251780277989982624268939247965316352032902605804190037285301907091865443511872780909337358499977323070554945362491120558481062474374010441479208921758922607624477388728235833881085870080.000000,-0.257375,767217925266335522519883445024076189285011550871142232477027495248711373983247735610388702049736613087710340681310587522844892777576906362265240880995955409648802515137759691563363653616862712159688752916061815970988032.000000,2183939385730308635208420668460933914736575353792636055752251780277989982624268939247965316352032902605804190037285301907091865443511872780909337358499977323070554945362491120558481062474374010441479208921758922607624477388728235833881085870080.000000,0.000000,0.000000,0.000000
1.533500,767217925266335522519883445024076189285011550871142232477027495248711373983247735610388702049736613087710340681310587522844892777576906362265240880995955409648802515137759691563363653616862712159688752916061815970988032.000000,2183939385730308635208420668460933914736575353792636055752251780277989982624268939247965316352032902605804190037285301907091865443511872780909337358499977323070554945362491120558481062474374010441479208921758922607624477388728235833881085870080.000000,-0.257375,767217925266335522519883445024076189285011550871142232477027495248711373983247735610388702049736613087710340681310587522844892777576906362265240880995955409648802515137759691563363653616862712159688752916061815970988032.000000,2183939385730308635208420668460933914736575353792636055752251780277989982624268939247965316352032902605804190037285301907091865443511872780909337358499977323070554945362491120558481062474374010441479208921758922607624477388728235833881085870080.000000,0.000000,0.000000,0.000000
1.566736,767217925266335522519883445024076189285011550871142232477027495248711373983247735610388702049736613087710340681310587522844892777576906362265240880995955409648802515137759691563363653616862712159688752916061815970988032.000000,2183939385730308635208420668460933914736575353792636055752251780277989982624268939247965316352032902605804190037285301907091865443511872780909337358499977323070554945362491120558481062474374010441479208921758922607624477388728235833881085870080.000000,-0.257375,767217925266335522519883445024076189285011550871142232477027495248711373983247735610388702049736613087710340681310587522844892777576906362265240880995955409648802515137759691563363653616862712159688752916061815970988032.000000,2183939385730308635208420668460933914736575353792636055752251780277989982624268939247965316352032902605804190037285301907091865443511872780909337358499977323070554945362491120558481062474374010441479208921758922607624477388728235833881085870080.000000,0.000000,0.000000,0.000000
1.599584,767217925266335522519883445024076189285011550871142232477027495248711373983247735610388702049736613087710340681310587522844892777576906362265240880995955409648802515137759691563363653616862712159688752916061815970988032.000000,2183939385730308635208420668460933914736575353792636055752251780277989982624268939247965316352032902605804190037285301907091865443511872780909337358499977323070554945362491120558481062474374010441479208921758922607624477388728235833881085870080.000000,-0.257375,767217925266335522519883445024076189285011550871142232477027495248711373983247735610388702049736613087710340681310587522844892777576906362265240880995955409648802515137759691563363653616862712159688752916061815970988032.000000,2183939385730308635208420668460933914736575353792636055752251780277989982624268939247965316352032902605804190037285301907091865443511872780909337358499977323070554945362491120558481062474374010441479208921758922607624477388728235833881085870080.000000,0.000000,0.000000,0.000000
1.632804,767217925266335522519883445024076189285011550871142232477027495248711373983247735610388702049736613087710340681310587522844892777576906362265240880995955409648802515137759691563363653616862712159688752916061815970988032.000000,2183939385730308635208420668460933914736575353792636055752251780277989982624268939247965316352032902605804190037285301907091865443511872780909337358499977323070554945362491120558481062474374010441479208921758922607624477388728235833881085870080.000000,-0.257375,767217925266335522519883445024076189285011550871142232477027495248711373983247735610388702049736613087710340681310587522844892777576906362265240880995955409648802515137759691563363653616862712159688752916061815970988032.000000,2183939385730308635208420668460933914736575353792636055752251780277989982624268939247965316352032902605804190037285301907091865443511872780909337358499977323070554945362491120558481062474374010441479208921758922607624477388728235833881085870080.000000,0.000000,0.000000,0.000000
1.666043,767217925266335522519883445024076189285011550871142232477027495248711373983247735610388702049736613087710340681310587522844892777576906362265240880995955409648802515137759691563363653616862712159688752916061815970988032.000000,2183939385730308635208420668460933914736575353792636055752251780277989982624268939247965316352032902605804190037285301907091865443511872780909337358499977323070554945362491120558481062474374010441479208921758922607624477388728235833881085870080.000000,-0.257375,767217925266335522519883445024076189285011550871142232477027495248711373983247735610388702049736613087710340681310587522844892777576906362265240880995955409648802515137759691563363653616862712159688752916061815970988032.000000,2183939385730308635208420668460933914736575353792636055752251780277989982624268939247965316352032902605804190037285301907091865443511872780909337358499977323070554945362491120558481062474374010441479208921758922607624477388728235833881085870080.000000,0.000000,0.000000,0.000000
1.699351,767217925266335522519883445024076189285011550871142232477027495248711373983247735610388702049736613087710340681310587522844892777576906362265240880995955409648802515137759691563363653616862712159688752916061815970988032.000000,2183939385730308635208420668460933914736575353792636055752251780277989982624268939247965316352032902605804190037285301907091865443511872780909337358499977323070554945362491120558481062474374010441479208921758922607624477388728235833881085870080.000000,-0.257375,767217925266335522519883445024076189285011550871142232477027495248711373983247735610388702049736613087710340681310587522844892777576906362265240880995955409648802515137759691563363653616862712159688752916061815970988032.000000,2183939385730308635208420668460933914736575353792636055752251780277989982624268939247965316352032902605804190037285301907091865443511872780909337358499977323070554945362491120558481062474374010441479208921758922607624477388728235833881085870080.000000,0.000000,0.000000,0.000000
1.732701,767217925266335522519883445024076189285011550871142232477027495248711373983247735610388702049736613087710340681310587522844892777576906362265240880995955409648802515137759691563363653616862712159688752916061815970988032.000000,2183939385730308635208420668460933914736575353792636055752251780277989982624268939247965316352032902605804190037285301907091865443511872780909337358499977323070554945362491120558481062474374010441479208921758922607624477388728235833881085870080.000000,-0.257375,767217925266335522519883445024076189285011550871142232477027495248711373983247735610388702049736613087710340681310587522844892777576906362265240880995955409648802515137759691563363653616862712159688752916061815970988032.000000,2183939385730308635208420668460933914736575353792636055752251780277989982624268939247965316352032902605804190037285301907091865443511872780909337358499977323070554945362491120558481062474374010441479208921758922607624477388728235833881085870080.000000,0.000000,0.000000,0.000000
1.766048,767217925266335522519883445024076189285011550871142232477027495248711373983247735610388702049736613087710340681310587522844892777576906362265240880995955409648802515137759691563363653616862712159688752916061815970988032.000000,2183939385730308635208420668460933914736575353792636055752251780277989982624268939247965316352032902605804190037285301907091865443511872780909337358499977323070554945362491120558481062474374010441479208921758922607624477388728235833881085870080.000000,-0.257375,767217925266335522519883445024076189285011550871142232477027495248711373983247735610388702049736613087710340681310587522844892777576906362265240880995955409648802515137759691563363653616862712159688752916061815970988032.000000,2183939385730308635208420668460933914736575353792636055752251780277989982624268939247965316352032902605804190037285301907091865443511872780909337358499977323070554945362491120558481062474374010441479208921758922607624477388728235833881085870080.000000,0.000000,0.000000,0.000000
1.799303,767217925266335522519883445024076189285011550871142232477027495248711373983247735610388702049736613087710340681310587522844892777576906362265240880995955409648802515137759691563363653616862712159688752916061815970988032.000000,2183939385730308635208420668460933914736575353792636055752251780277989982624268939247965316352032902605804190037285301907091865443511872780909337358499977323070554945362491120558481062474374010441479208921758922607624477388728235833881085870080.000000,-0.257375,767217925266335522519883445024076189285011550871142232477027495248711373983247735610388702049736613087710340681310587522844892777576906362265240880995955409648802515137759691563363653616862712159688752916061815970988032.000000,2183939385730308635208420668460933914736575353792636055752251780277989982624268939247965316352032902605804190037285301907091865443511872780909337358499977323070554945362491120558481062474374010441479208921758922607624477388728235833881085870080.000000,0.000000,0.000000,0.000000
1.832856,767217925266335522519883445024076189285011550871142232477027495248711373983247735610388702049736613087710340681310587522844892777576906362265240880995955409648802515137759691563363653616862712159688752916061815970988032.000000,2183939385730308635208420668460933914736575353792636055752251780277989982624268939247965316352032902605804190037285301907091865443511872780909337358499977323070554945362491120558481062474374010441479208921758922607624477388728235833881085870080.000000,-0.257375,767217925266335522519883445024076189285011550871142232477027495248711373983247735610388702049736613087710340681310587522844892777576906362265240880995955409648802515137759691563363653616862712159688752916061815970988032.000000,2183939385730308635208420668460933914736575353792636055752251780277989982624268939247965316352032902605804190037285301907091865443511872780909337358499977323070554945362491120558481062474374010441479208921758922607624477388728235833881085870080.000000,0.000000,0.000000,0.000000
1.866263,767217925266335522519883445024076189285011550871142232477027495248711373983247735610388702049736613087710340681310587522844892777576906362265240880995955409648802515137759691563363653616862712159688752916061815970988032.000000,2183939385730308635208420668460933914736575353792636055752251780277989982624268939247965316352032902605804190037285301907091865443511872780909337358499977323070554945362491120558481062474374010441479208921758922607624477388728235833881085870080.000000,-0.257375,767217925266335522519883445024076189285011550871142232477027495248711373983247735610388702049736613087710340681310587522844892777576906362265240880995955409648802515137759691563363653616862712159688752916061815970988032.000000,2183939385730308635208420668460933914736575353792636055752251780277989982624268939247965316352032902605804190037285301907091865443511872780909337358499977323070554945362491120558481062474374010441479208921758922607624477388728235833881085870080.000000,0.000000,0.000000,0.000000
1.899351,767217925266335522519883445024076189285011550871142232477027495248711373983247735610388702049736613087710340681310587522844892777576906362265240880995955409648802515137759691563363653616862712159688752916061815970988032.000000,2183939385730308635208420668460933914736575353792636055752251780277989982624268939247965316352032902605804190037285301907091865443511872780909337358499977323070554945362491120558481062474374010441479208921758922607624477388728235833881085870080.000000,-0.257375,767217925266335522519883445024076189285011550871142232477027495248711373983247735610388702049736613087710340681310587522844892777576906362265240880995955409648802515137759691563363653616862712159688752916061815970988032.000000,2183939385730308635208420668460933914736575353792636055752251780277989982624268939247965316352032902605804190037285301907091865443511872780909337358499977323070554945362491120558481062474374010441479208921758922607624477388728235833881085870080.000000,0.000000,0.000000,0.000000
1.932680,767217925266335522519883445024076189285011550871142232477027495248711373983247735610388702049736613087710340681310587522844892777576906362265240880995955409648802515137759691563363653616862712159688752916061815970988032.000000,2183939385730308635208420668460933914736575353792636055752251780277989982624268939247965316352032902605804190037285301907091865443511872780909337358499977323070554945362491120558481062474374010441479208921758922607624477388728235833881085870080.000000,-0.257375,767217925266335522519883445024076189285011550871142232477027495248711373983247735610388702049736613087710340681310587522844892777576906362265240880995955409648802515137759691563363653616862712159688752916061815970988032.000000,2183939385730308635208420668460933914736575353792636055752251780277989982624268939247965316352032902605804190037285301907091865443511872780909337358499977323070554945362491120558481062474374010441479208921758922607624477388728235833881085870080.000000,0.000000,0.000000,0.000000
1.977938,767217925266335522519883445024076189285011550871142232477027495248711373983247735610388702049736613087710340681310587522844892777576906362265240880995955409648802515137759691563363653616862712159688752916061815970988032.000000,2183939385730308635208420668460933914736575353792636055752251780277989982624268939247965316352032902605804190037285301907091865443511872780909337358499977323070554945362491120558481062474374010441479208921758922607624477388728235833881085870080.000000,-0.257375,767217925266335522519883445024076189285011550871142232477027495248711373983247735610388702049736613087710340681310587522844892777576906362265240880995955409648802515137759691563363653616862712159688752916061815970988032.000000,2183939385730308635208420668460933914736575353792636055752251780277989982624268939247965316352032902605804190037285301907091865443511872780909337358499977323070554945362491120558481062474374010441479208921758922607624477388728235833881085870080.000000,0.000000,0.000000,0.000000
1.999341,767217925266335522519883445024076189285011550871142232477027495248711373983247735610388702049736613087710340681310587522844892777576906362265240880995955409648802515137759691563363653616862712159688752916061815970988032.000000,2183939385730308635208420668460933914736575353792636055752251780277989982624268939247965316352032902605804190037285301907091865443511872780909337358499977323070554945362491120558481062474374010441479208921758922607624477388728235833881085870080.000000,-0.257375,767217925266335522519883445024076189285011550871142232477027495248711373983247735610388702049736613087710340681310587522844892777576906362265240880995955409648802515137759691563363653616862712159688752916061815970988032.000000,2183939385730308635208420668460933914736575353792636055752251780277989982624268939247965316352032902605804190037285301907091865443511872780909337358499977323070554945362491120558481062474374010441479208921758922607624477388728235833881085870080.000000,0.000000,0.000000,0.000000
2.032848,767217925266335522519883445024076189285011550871142232477027495248711373983247735610388702049736613087710340681310587522844892777576906362265240880995955409648802515137759691563363653616862712159688752916061815970988032.000000,2183939385730308635208420668460933914736575353792636055752251780277989982624268939247965316352032902605804190037285301907091865443511872780909337358499977323070554945362491120558481062474374010441479208921758922607624477388728235833881085870080.000000,-0.257375,767217925266335522519883445024076189285011550871142232477027495248711373983247735610388702049736613087710340681310587522844892777576906362265240880995955409648802515137759691563363653616862712159688752916061815970988032.000000,2183939385730308635208420668460933914736575353792636055752251780277989982624268939247965316352032902605804190037285301907091865443511872780909337358499977323070554945362491120558481062474374010441479208921758922607624477388728235833881085870080.000000,0.000000,0.000000,0.000000
2.066334,767217925266335522519883445024076189285011550871142232477027495248711373983247735610388702049736613087710340681310587522844892777576906362265240880995955409648802515137759691563363653616862712159688752916061815970988032.000000,2183939385730308635208420668460933914736575353792636055752251780277989982624268939247965316352032902605804190037285301907091865443511872780909337358499977323070554945362491120558481062474374010441479208921758922607624477388728235833881085870080.000000,-0.257375,767217925266335522519883445024076189285011550871142232477027495248711373983247735610388702049736613087710340681310587522844892777576906362265240880995955409648802515137759691563363653616862712159688752916061815970988032.000000,2183939385730308635208420668460933914736575353792636055752251780277989982624268939247965316352032902605804190037285301907091865443511872780909337358499977323070554945362491120558481062474374010441479208921758922607624477388728235833881085870080.000000,0.000000,0.000000,0.000000
2.099373,767217925266335522519883445024076189285011550871142232477027495248711373983247735610388702049736613087710340681310587522844892777576906362265240880995955409648802515137759691563363653616862712159688752916061815970988032.000000,2183939385730308635208420668460933914736575353792636055752251780277989982624268939247965316352032902605804190037285301907091865443511872780909337358499977323070554945362491120558481062474374010441479208921758922607624477388728235833881085870080.000000,-0.257375,767217925266335522519883445024076189285011550871142232477027495248711373983247735610388702049736613087710340681310587522844892777576906362265240880995955409648802515137759691563363653616862712159688752916061815970988032.000000,2183939385730308635208420668460933914736575353792636055752251780277989982624268939247965316352032902605804190037285301907091865443511872780909337358499977323070554945362491120558481062474374010441479208921758922607624477388728235833881085870080.000000,0.000000,0.000000,0.000000
2.132673,767217925266335522519883445024076189285011550871142232477027495248711373983247735610388702049736613087710340681310587522844892777576906362265240880995955409648802515137759691563363653616862712159688752916061815970988032.000000,2183939385730308635208420668460933914736575353792636055752251780277989982624268939247965316352032902605804190037285301907091865443511872780909337358499977323070554945362491120558481062474374010441479208921758922607624477388728235833881085870080.000000,-0.257375,767217925266335522519883445024076189285011550871142232477027495248711373983247735610388702049736613087710340681310587522844892777576906362265240880995955409648802515137759691563363653616862712159688752916061815970988032.000000,2183939385730308635208420668460933914736575353792636055752251780277989982624268939247965316352032902605804190037285301907091865443511872780909337358499977323070554945362491120558481062474374010441479208921758922607624477388728235833881085870080.000000,0.000000,0.000000,0.000000
2.168406,767217925266335522519883445024076189285011550871142232477027495248711373983247735610388702049736613087710340681310587522844892777576906362265240880995955409648802515137759691563363653616862712159688752916061815970988032.000000,2183939385730308635208420668460933914736575353792636055752251780277989982624268939247965316352032902605804190037285301907091865443511872780909337358499977323070554945362491120558481062474374010441479208921758922607624477388728235833881085870080.000000,-0.257375,767217925266335522519883445024076189285011550871142232477027495248711373983247735610388702049736613087710340681310587522844892777576906362265240880995955409648802515137759691563363653616862712159688752916061815970988032.000000,2183939385730308635208420668460933914736575353792636055752251780277989982624268939247965316352032902605804190037285301907091865443511872780909337358499977323070554945362491120558481062474374010441479208921758922607624477388728235833881085870080.000000,0.000000,0.000000,0.000000
2.200441,767217925266335522519883445024076189285011550871142232477027495248711373983247735610388702049736613087710340681310587522844892777576906362265240880995955409648802515137759691563363653616862712159688752916061815970988032.000000,2183939385730308635208420668460933914736575353792636055752251780277989982624268939247965316352032902605804190037285301907091865443511872780909337358499977323070554945362491120558481062474374010441479208921758922607624477388728235833881085870080.000000,-0.257375,767217925266335522519883445024076189285011550871142232477027495248711373983247735610388702049736613087710340681310587522844892777576906362265240880995955409648802515137759691563363653616862712159688752916061815970988032.000000,2183939385730308635208420668460933914736575353792636055752251780277989982624268939247965316352032902605804190037285301907091865443511872780909337358499977323070554945362491120558481062474374010441479208921758922607624477388728235833881085870080.000000,0.000000,0.000000,0.000000
2.233846,767217925266335522519883445024076189285011550871142232477027495248711373983247735610388702049736613087710340681310587522844892777576906362265240880995955409648802515137759691563363653616862712159688752916061815970988032.000000,2183939385730308635208420668460933914736575353792636055752251780277989982624268939247965316352032902605804190037285301907091865443511872780909337358499977323070554945362491120558481062474374010441479208921758922607624477388728235833881085870080.000000,-0.257375,767217925266335522519883445024076189285011550871142232477027495248711373983247735610388702049736613087710340681310587522844892777576906362265240880995955409648802515137759691563363653616862712159688752916061815970988032.000000,2183939385730308635208420668460933914736575353792636055752251780277989982624268939247965316352032902605804190037285301907091865443511872780909337358499977323070554945362491120558481062474374010441479208921758922607624477388728235833881085870080.000000,0.000000,0.000000,0.000000
2.266583,767217925266335522519883445024076189285011550871142232477027495248711373983247735610388702049736613087710340681310587522844892777576906362265240880995955409648802515137759691563363653616862712159688752916061815970988032.000000,2183939385730308635208420668460933914736575353792636055752251780277989982624268939247965316352032902605804190037285301907091865443511872780909337358499977323070554945362491120558481062474374010441479208921758922607624477388728235833881085870080.000000,-0.257375,767217925266335522519883445024076189285011550871142232477027495248711373983247735610388702049736613087710340681310587522844892777576906362265240880995955409648802515137759691563363653616862712159688752916061815970988032.000000,2183939385730308635208420668460933914736575353792636055752251780277989982624268939247965316352032902605804190037285301907091865443511872780909337358499977323070554945362491120558481062474374010441479208921758922607624477388728235833881085870080.000000,0.000000,0.000000,0.000000
2.299580,767217925266335522519883445024076189285011550871142232477027495248711373983247735610388702049736613087710340681310587522844892777576906362265240880995955409648802515137759691563363653616862712159688752916061815970988032.000000,2183939385730308635208420668460933914736575353792636055752251780277989982624268939247965316352032902605804190037285301907091865443511872780909337358499977323070554945362491120558481062474374010441479208921758922607624477388728235833881085870080.000000,-0.257375,767217925266335522519883445024076189285011550871142232477027495248711373983247735610388702049736613087710340681310587522844892777576906362265240880995955409648802515137759691563363653616862712159688752916061815970988032.000000,2183939385730308635208420668460933914736575353792636055752251780277989982624268939247965316352032902605804190037285301907091865443511872780909337358499977323070554945362491120558481062474374010441479208921758922607624477388728235833881085870080.000000,0.000000,0.000000,0.000000
2.332795,767217925266335522519883445024076189285011550871142232477027495248711373983247735610388702049736613087710340681310587522844892777576906362265240880995955409648802515137759691563363653616862712159688752916061815970988032.000000,2183939385730308635208420668460933914736575353792636055752251780277989982624268939247965316352032902605804190037285301907091865443511872780909337358499977323070554945362491120558481062474374010441479208921758922607624477388728235833881085870080.000000,-0.257375,767217925266335522519883445024076189285011550871142232477027495248711373983247735610388702049736613087710340681310587522844892777576906362265240880995955409648802515137759691563363653616862712159688752916061815970988032.000000,2183939385730308635208420668460933914736575353792636055752251780277989982624268939247965316352032902605804190037285301907091865443511872780909337358499977323070554945362491120558481062474374010441479208921758922607624477388728235833881085870080.000000,0.000000,0.000000,0.000000
2.366188,767217925266335522519883445024076189285011550871142232477027495248711373983247735610388702049736613087710340681310587522844892777576906362265240880995955409648802515137759691563363653616862712159688752916061815970988032.000000,2183939385730308635208420668460933914736575353792636055752251780277989982624268939247965316352032902605804190037285301907091865443511872780909337358499977323070554945362491120558481062474374010441479208921758922607624477388728235833881085870080.000000,-0.257375,767217925266335522519883445024076189285011550871142232477027495248711373983247735610388702049736613087710340681310587522844892777576906362265240880995955409648802515137759691563363653616862712159688752916061815970988032.000000,2183939385730308635208420668460933914736575353792636055752251780277989982624268939247965316352032902605804190037285301907091865443511872780909337358499977323070554945362491120558481062474374010441479208921758922607624477388728235833881085870080.000000,0.000000,0.000000,0.000000
2.399900,767217925266335522519883445024076189285011550871142232477027495248711373983247735610388702049736613087710340681310587522844892777576906362265240880995955409648802515137759691563363653616862712159688752916061815970988032.000000,2183939385730308635208420668460933914736575353792636055752251780277989982624268939247965316352032902605804190037285301907091865443511872780909337358499977323070554945362491120558481062474374010441479208921758922607624477388728235833881085870080.000000,-0.257375,767217925266335522519883445024076189285011550871142232477027495248711373983247735610388702049736613087710340681310587522844892777576906362265240880995955409648802515137759691563363653616862712159688752916061815970988032.000000,2183939385730308635208420668460933914736575353792636055752251780277989982624268939247965316352032902605804190037285301907091865443511872780909337358499977323070554945362491120558481062474374010441479208921758922607624477388728235833881085870080.000000,0.000000,0.000000,0.000000
2.432666,767217925266335522519883445024076189285011550871142232477027495248711373983247735610388702049736613087710340681310587522844892777576906362265240880995955409648802515137759691563363653616862712159688752916061815970988032.000000,2183939385730308635208420668460933914736575353792636055752251780277989982624268939247965316352032902605804190037285301907091865443511872780909337358499977323070554945362491120558481062474374010441479208921758922607624477388728235833881085870080.000000,-0.257375,767217925266335522519883445024076189285011550871142232477027495248711373983247735610388702049736613087710340681310587522844892777576906362265240880995955409648802515137759691563363653616862712159688752916061815970988032.000000,2183939385730308635208420668460933914736575353792636055752251780277989982624268939247965316352032902605804190037285301907091865443511872780909337358499977323070554945362491120558481062474374010441479208921758922607624477388728235833881085870080.000000,0.000000,0.000000,0.000000
