time,x,y,yaw,linear_velocity,angular_velocity
0.0,0.0,0.0,0.0,0.0,0.0
0.00021958351135253906,0.0,0.0,0.0,0.0,0.0
0.0003924369812011719,0.0,0.0,0.0,0.0,0.0
0.000850677490234375,0.0,0.0,0.0,0.0,0.0
0.024976491928100586,0.0,0.0,0.0,-0.0,-0.0
0.056903839111328125,0.0,0.0,0.0,-0.0,-0.0
0.09178471565246582,0.003483278229832575,0.0,0.0,0.17416391149163246,-0.0
0.11902928352355957,0.018483227126652384,3.3908978457014855e-05,0.004521204829216107,0.75,0.22606024146080017
0.15666604042053223,0.033482869405641824,0.00013563522068615544,0.009042409658432015,0.75,0.22606024146080017
0.18002033233642578,0.0484819426335351,0.0003014616835638121,0.013068250715732675,0.75,0.20129205286502838
0.20688724517822266,0.06348034131159158,0.0005202409574395022,0.016103364676237145,0.75,0.1517556980252266
0.23935198783874512,0.07847820339255822,0.000773397055938525,0.01765238776803024,0.75,0.07745115458965302
0.2663612365722656,0.09347579171259274,0.0010423556744795586,0.018210683707147898,0.75,0.027914796955883503
0.29389476776123047,0.10847329595908349,0.0013159727467303766,0.01827361608389771,0.75,0.003146618837490678
0.32578134536743164,0.1234707915909384,0.001590061733198376,0.01827361608389771,0.75,-0.0
0.35852718353271484,0.13846828722279267,0.001864150719666363,0.01827361608389771,0.75,-0.0
0.3823213577270508,0.1534657828546476,0.002138239706134362,0.01827361608389771,0.75,-0.0
0.4044458866119385,0.16846327848650186,0.002412328692602349,0.01827361608389771,0.75,-0.0
0.4318389892578125,0.1834607741183568,0.0026864176790703485,0.01827361608389771,0.75,-0.0
0.4629185199737549,0.19845826975021105,0.0029605066655383357,0.01827361608389771,0.75,-0.0
0.4850287437438965,0.21345576538206598,0.003234595652006335,0.01827361608389771,0.75,-0.0
0.5129485130310059,0.22845326101392024,0.0035086846384743222,0.01827361608389771,0.75,-0.0
0.5402636528015137,0.2434508980149576,0.0037748869017933968,0.017221884042955972,0.75,-0.05258660204708576
0.566849946975708,0.2584490423823444,0.0040104564901396605,0.01418869769666354,0.75,-0.1516593173146248
0.6002669334411621,0.2734480032690826,0.004185672983036117,0.009174057156778858,0.75,-0.25073202699422836
0.6276555061340332,0.288447713682233,0.004274527678710031,0.002673325748182958,0.75,-0.32503657042980194
0.6600511074066162,0.30344766074427076,0.004254726452880756,-0.005313496976159573,0.75,-0.3993411362171173
0.6873235702514648,0.3184469311080081,0.004111410216448701,-0.0137956825783475,0.75,-0.4241092801094055
0.7207295894622803,0.3334443734032586,0.0038371595604106508,-0.022773231952451255,0.75,-0.4488774687051773
0.7480251789093018,0.34843885548231907,0.0034319951877800946,-0.03125541755463919,0.75,-0.4241092801094055
0.7795577049255371,0.3634292238074036,0.0028959482681843126,-0.04023296692874294,0.75,-0.4488774687051773
0.8026413917541504,0.37841417572869385,0.002225347986119436,-0.0492105163028463,0.75,-0.4488774687051773
0.8346631526947021,0.3933925035212321,0.0014202483891860912,-0.05818806567695005,0.75,-0.4488774687051773
0.8625328540802002,0.40762189634345924,0.0005272253205561769,-0.0671656150510534,0.712871789932251,-0.4488774687051773
0.8974061012268066,0.4191241440992754,-0.00031269383479947863,-0.07861998239066473,0.5766468197107315,-0.5727183669805527
0.9251651763916016,0.4285169966390922,-0.001120898711192733,-0.09304653146769844,0.4713820517063141,-0.7213274538516998
0.9621734619140625,0.4364137905729051,-0.0019607605917679486,-0.1188664428284397,0.3970775306224823,-1.290995568037033
0.9908826351165771,0.4448944978414243,-0.003125468309757627,-0.15409826317336386,0.42803773283958435,-1.7615910172462463
1.0234355926513672,0.4545385322040516,-0.0048570697148114985,-0.20121881046797954,0.48995818197727203,-2.356027364730835
1.0546226501464844,0.4623956613840794,-0.00667403614726485,-0.2532929936936102,0.40326958894729614,-2.6037091612815857
1.0809924602508545,0.4675251836957087,-0.008159092638490135,-0.3103208092739821,0.2670445740222931,-2.851390779018402
1.110306739807129,0.47150959632327066,-0.009566633728941072,-0.36883471885230423,0.21131618320941925,-2.925695478916168
1.1449673175811768,0.4746052316000939,-0.010870294512931604,-0.42833935418631786,0.16797186434268951,-2.9752317667007446
1.1712193489074707,0.47706227226965475,-0.012082554604290268,-0.4883393541863166,0.13701163977384567,-3.0
1.1941845417022705,0.4789044125730477,-0.013133235670567919,-0.5483393541863206,0.10605141520500183,-3.0
1.2257611751556396,0.4802654938378346,-0.014021746192701749,-0.6083393541863193,0.08128323778510094,-3.0
1.2528316974639893,0.4809742071216215,-0.014547587204217083,-0.6683393541863181,0.04413096886128187,-3.0
1.284764289855957,0.4811759292054851,-0.014716923524141667,-0.7283393541863167,0.01317074429243803,-3.0
1.3124454021453857,0.4811873493892897,-0.01472774181441394,-0.788339354186321,0.0007866547093726695,-3.0
1.3412976264953613,0.4811873493892897,-0.01472774181441394,-0.8483393541863194,-0.0,-3.0
1.3700480461120605,0.4811973923649864,-0.014739849441832318,-0.9083393541863184,0.0007866547093726695,-3.0
1.4032998085021973,0.4811973923649864,-0.014739849441832318,-0.968339354186317,-0.0,-3.0
1.431272268295288,0.4811973923649864,-0.014739849441832318,-1.0283393541863213,-0.0,-3.0
1.4605259895324707,0.4816300934571718,-0.015508974303495874,-1.0883393541863198,0.04413096886128187,-3.0
1.4880993366241455,0.48234068943562963,-0.01697083835760484,-1.1483393541863185,0.08128323778510094,-3.0
1.5153911113739014,0.4829623474993894,-0.01847268202758479,-1.2083393541863172,0.08128323778510094,-3.0
1.5439412593841553,0.4834928303507317,-0.02000910029802047,-1.2683393541863213,0.08128323778510094,-3.0
1.571336269378662,0.4839635492485369,-0.02169381860921957,-1.32833935418632,0.08747528493404388,-3.0
1.594813346862793,0.4845151648054477,-0.0242509993219805,-1.3883393541863187,0.13081959262490273,-3.0
1.61781644821167,0.4850826043562274,-0.027937999079318248,-1.4478439895203323,0.18654799461364746,-2.9752317667007446
1.646251916885376,0.4861540344447927,-0.03854920856663471,-1.4924877170613051,0.5333025008440018,-2.2321863770484924
1.6693572998046875,0.48707417410340054,-0.05265241168321949,-1.5188029912998913,0.7066797763109207,-1.3157637119293213
1.696382999420166,0.4877270847556254,-0.06763801645612237,-1.5357063583424322,0.75,-0.8451683521270752
1.7282240390777588,0.4881600331392373,-0.08263167017043958,-1.5481514532258738,0.75,-0.6222547441720963
1.7512211799621582,0.4884509320073704,-0.09762882274964046,-1.5546521846344696,0.75,-0.32503657042980194
1.7739567756652832,0.48868148182067694,-0.11262704937499199,-1.5561992803355682,0.75,-0.0773547850549221
1.8024101257324219,0.4889004297420306,-0.1276254513501267,-1.5561992803355682,0.75,-0.0
1.829965353012085,0.48913099400900156,-0.14262367774955992,-1.5546502572437755,0.75,0.07745115458965302
1.8569092750549316,0.48946279345362664,-0.1576199183068144,-1.542698598518037,0.75,0.5975829362869263
1.8817486763000488,0.4900248210422304,-0.17248570575085384,-1.5233164858957746,0.7438320368528366,0.9691056311130524
1.914626121520996,0.4908676710210426,-0.1867178822447566,-1.4999714648863298,0.712871789932251,1.1672510504722595
1.9412834644317627,0.4920462984672739,-0.20067754901079124,-1.473158898367547,0.7004877179861069,1.3406283259391785
1.9674952030181885,0.4935850287933513,-0.21447752519952573,-1.4463463318487635,0.694295659661293,1.3406283259391785
1.990647792816162,0.49549317449195807,-0.22823128882331067,-1.4195337653299784,0.694295659661293,1.3406283259391785
2.0185961723327637,0.49776936385314635,-0.2419289527050842,-1.3927211988111956,0.694295659661293,1.3406283259391785
2.0477828979492188,0.5004119605911802,-0.2555606699962461,-1.3659086322924123,0.694295659661293,1.3406283259391785
2.0807738304138184,0.5034190650208127,-0.2691166412552638,-1.3390960657736295,0.694295659661293,1.3406283259391785
2.106780767440796,0.5067885154229143,-0.28258712149220555,-1.312283499254844,0.694295659661293,1.3406283259391785
2.136932373046875,0.5105178895984681,-0.29596242717412335,-1.2854709327360607,0.694295659661293,1.3406283259391785
2.167834758758545,0.5143494911779044,-0.30827460800886364,-1.2527140045305718,0.644759327173233,1.6378464102745056
2.1923365592956543,0.5183610630908773,-0.3197447970859116,-1.2159941661497589,0.6076070666313171,1.83599191904068
2.219404458999634,0.5224503909875499,-0.33012927463221564,-1.1753114211698976,0.5580706894397736,2.03413724899292
2.246596097946167,0.526722861378235,-0.33976600301991267,-1.1316564917704082,0.5271104872226715,2.182746469974518
2.2782678604125977,0.5312003696204132,-0.3487589734136875,-1.0860201108595358,0.5023422986268997,2.2818190455436707
2.3052234649658203,0.5360254276004772,-0.3574288856778441,-1.0398883652826783,0.4961502403020859,2.306587278842926
2.333207130432129,0.5411189375916524,-0.3656538912826153,-0.9927658939501252,0.4837661683559418,2.3561235666275024
2.367997884750366,0.5461809930276104,-0.3730122295181214,-0.9436619675299142,0.4466138631105423,2.4551963210105896
2.4004251956939697,0.551449613492825,-0.37991501027370794,-0.8940626764437184,0.4342297911643982,2.479964554309845
2.4277894496917725,0.5570539873183092,-0.38654808933176243,-0.8444633853575225,0.4342297911643982,2.479964554309845
2.4553890228271484,0.5629803300681333,-0.3928951520680037,-0.7948640942713266,0.4342297911643982,2.479964554309845
2.4869284629821777,0.5692140653963084,-0.3989405873397148,-0.7452648031851264,0.4342297911643982,2.479964554309845
2.5107192993164062,0.5757398608985521,-0.4046695258826798,-0.6956655120989306,0.4342297911643982,2.479964554309845
2.542050838470459,0.5826386586455773,-0.41014485664144357,-0.6460662210127347,0.44042184948921204,2.479964554309845
2.5696847438812256,0.5900998858282265,-0.41549136534971076,-0.5974576556822304,0.45899797976017,2.4304282665252686
2.6014187335968018,0.5985310223087151,-0.42095377437930603,-0.5523166358610604,0.5023422986268997,2.2570509910583496
2.6306965351104736,0.6080426217726963,-0.42655204937906155,-0.5116338908812028,0.5518786311149597,2.03413724899292
2.663860559463501,0.6184209875542858,-0.4321248434925311,-0.47392332674469845,0.5890308916568756,1.8855282068252563
2.692615270614624,0.629441719116892,-0.4375310592967787,-0.4381942176958559,0.6137990802526474,1.7864554524421692
2.7291080951690674,0.6408683900363477,-0.44265540303725376,-0.40494192482437846,0.6261831969022751,1.662614643573761
2.7562129497528076,0.652799372169017,-0.44754657045148755,-0.3731757223745805,0.644759327173233,1.5883101224899292
2.789013147354126,0.6651094660413904,-0.45214906266222,-0.34240024925675283,0.6571433991193771,1.5387736558914185
2.813481569290161,0.6775553522630056,-0.456370586303645,-0.3116247761389251,0.6571433991193771,1.5387736558914185
2.850571632385254,0.6901243091085935,-0.4602102613994094,-0.28134466411080117,0.6571433991193771,1.5140056014060974
2.877495288848877,0.7028045922330093,-0.46366450018402683,-0.2505691909929735,0.6571433991193771,1.5387736558914185
2.9039878845214844,0.7155851599474501,-0.46672692317784936,-0.2197937178751458,0.6571433991193771,1.5387736558914185
2.9312009811401367,0.7283345603975588,-0.46936001013257417,-0.18753215075936272,0.6509513407945633,1.6130783557891846
2.9583511352539062,0.7410412925953818,-0.4715530608266151,-0.15427985788788529,0.644759327173233,1.662614643573761
2.986506462097168,0.7536912468926376,-0.4733054564413103,-0.12102756501641075,0.6385672688484192,1.662614643573761
3.0189290046691895,0.7663924686465422,-0.4746363208488307,-0.08777527214493626,0.6385672688484192,1.662614643573761
3.046475887298584,0.7791309152199236,-0.4755441826280515,-0.05452297927346173,0.6385672688484192,1.662614643573761
3.073962926864624,0.7918925028193631,-0.4760280380350956,-0.02127068640198427,0.6385672688484192,1.662614643573761
3.1052749156951904,0.8046631220664167,-0.47608735211308567,0.011981606469490244,0.6385672688484192,1.662614643573761
3.1337103843688965,0.817428653597136,-0.47572205928360023,0.04523389934096476,0.6385672688484192,1.662614643573761
3.1611151695251465,0.8301749836726174,-0.4749325634191773,0.07848619221243927,0.6385672688484192,1.662614643573761
3.1851069927215576,0.8428883371104872,-0.47372288458025275,0.11124312041792869,0.6385672688484192,1.6378464102745056
3.214503765106201,0.8555552520634032,-0.472097478752419,0.144000048623421,0.6385672688484192,1.6378464102745056
3.2376668453216553,0.8681616152568182,-0.4700549702092854,0.17725234149489555,0.6385672688484192,1.662614643573761
3.2665858268737793,0.8804482262999265,-0.46763307515903735,0.21199072478804665,0.6261831969022751,1.7369191646575928
3.2946925163269043,0.8921574594111562,-0.46488404488166063,0.2492059278348446,0.6014150083065033,1.8607601523399353
3.321715831756592,0.9032747494716343,-0.4618185886250882,0.28889794705901417,0.5766468197107315,1.9846009612083435
3.350496530532837,0.9140239509470073,-0.4583843372573525,0.32958069203887164,0.5642627477645874,2.03413724899292
3.38226580619812,0.9246245819883776,-0.4545157410856527,0.3702634370187291,0.5642627477645874,2.03413724899292
3.4083516597747803,0.9347134907962683,-0.4503556646497936,0.4119369113305569,0.5456866174936295,2.0836737155914307
3.4470136165618896,0.9445067720208974,-0.4458283979515291,0.4541057503083734,0.5394945591688156,2.108441948890686
3.4704926013946533,0.9540992546052571,-0.4408899395766535,0.49676995037589267,0.5394945591688156,2.133210003376007
3.4977915287017822,0.9634723767696823,-0.4355468436442951,0.5394341504434119,0.5394945591688156,2.133210003376007
3.52486515045166,0.9726105167405961,-0.4298110874802086,0.5816029894212248,0.5394945591688156,2.108441948890686
3.547863245010376,0.981497204023486,-0.42369300915545927,0.6242671894887478,0.5394945591688156,2.133210003376007
3.5759706497192383,0.9901148608703496,-0.4172014697601134,0.6669313895562671,0.5394945591688156,2.133210003376007
3.603429079055786,0.9984495152480207,-0.4103503357440081,0.70910022853408,0.5394945591688156,2.108441948890686
3.6282689571380615,1.0065802027643114,-0.40307133682907914,0.7512690675118928,0.5456866174936295,2.108441948890686
3.656881809234619,1.0143968063410076,-0.3954560487047926,0.7934379064897094,0.5456866174936295,2.108441948890686
3.6894426345825195,1.0219744053247888,-0.38743166154214737,0.834616016135552,0.5518786311149597,2.0589054822921753
3.717363119125366,1.0293006831719076,-0.3790122764519606,0.8748034000257031,0.5580706894397736,2.009369194507599
3.7391858100891113,1.0363602534672332,-0.37020873698347867,0.9149907839158541,0.5642627477645874,2.009369194507599
3.7669458389282227,1.0431362377224165,-0.3610306978270369,0.9546828031400237,0.5704547613859177,1.9846009612083435
3.799295663833618,1.049686562630933,-0.3513892898642477,0.9933840966084982,0.5828388780355453,1.935064673423767
3.832714796066284,1.0559976215711477,-0.34129620689541745,1.0305992996552962,0.5952229499816895,1.8607601523399353
3.865900754928589,1.062057420667554,-0.3307635326755899,1.066823773370124,0.6076070666313171,1.8112236857414246
3.8998045921325684,1.0677923104932232,-0.31991020451393576,1.102552882418966,0.6137990802526474,1.7864554524421692
3.9321353435516357,1.0731925215282876,-0.30874877897927655,1.1377866303781057,0.6199911385774612,1.7616873979568481
3.9658994674682617,1.0782547109638771,-0.29729445615201266,1.1715342879155652,0.6261831969022751,1.6873828768730164
3.9984633922576904,1.0829275348050484,-0.2856758507855173,1.2052819454530248,0.6261831969022751,1.6873828768730164
4.031679153442383,1.0872509258296188,-0.2737908638598276,1.238534238324499,0.6323752105236053,1.662614643573761
4.065305709838867,1.091390897679117,-0.261187166249916,1.2683189856866381,0.663335457444191,1.489237368106842
4.092545032501221,1.0953138234917617,-0.247996489319474,1.2951315522054212,0.6881036460399628,1.3406283259391785
4.12233567237854,1.0989593369310684,-0.23446972458141302,1.3199626636365422,0.7004877179861069,1.2415555715560913
4.153944969177246,1.1023073363863805,-0.22073872497792793,1.343307684645987,0.7066797763109207,1.1672510504722595
4.187355279922485,1.1053373243511138,-0.2069340517000579,1.366157342777588,0.7066797763109207,1.1424829065799713
4.221858739852905,1.108051116743959,-0.1930637538581344,1.389007000909187,0.7066797763109207,1.1424829065799713
4.249099254608154,1.1104472967368924,-0.17913507291496542,1.4118566590407862,0.7066797763109207,1.1424829065799713
4.286040306091309,1.112524613322293,-0.1651552808142526,1.4347063171723848,0.7066797763109207,1.1424829065799713
4.3170623779296875,1.1142785068533434,-0.15113125471810418,1.4580513381818316,0.7066797763109207,1.1672510504722595
4.3455119132995605,1.1156941083490668,-0.13706909517125623,1.4828824496129527,0.7066797763109207,1.2415555715560913
4.380354404449463,1.116731157141156,-0.1232223631921193,1.5091996514657506,0.694295659661293,1.315860092639923
4.410289525985718,1.117390675001726,-0.10947653044546005,1.5365075808623796,0.6881036460399628,1.3653964698314667
4.437180995941162,1.117650377214987,-0.09608899380956822,1.5662923282245185,0.6695275157690048,1.489237368106842
4.464820384979248,1.117502241798039,-0.08307135721121002,1.5980585306743165,0.6509513407945633,1.5883101224899292
4.498150825500488,1.1169396910068128,-0.07018902418577645,1.630815458879806,0.644759327173233,1.6378464102745056
4.527507066726685,1.1159681911069628,-0.05757948931172986,1.6645631164172656,0.6323752105236053,1.6873828768730164
4.5558180809021,1.1145792946247315,-0.04513371279434375,1.6993014997104197,0.6261831969022751,1.7369191646575928
4.587645769119263,1.1127589768830184,-0.03274368334005066,1.7340398830035708,0.6261831969022751,1.7369191646575928
4.6151909828186035,1.1105286612862897,-0.020546741447595197,1.769273630962707,0.6199911385774612,1.7616873979568481
4.6426451206207275,1.1079173076547866,-0.008679171202550932,1.8054981046775347,0.6076070666313171,1.8112236857414246
4.67603063583374,1.1049312645508147,0.002843974941836377,1.8432086688140388,0.5952229499816895,1.8855282068252563
4.70404577255249,1.1016086644070842,0.013887139734351569,1.8829006880382084,0.5766468197107315,1.9846009612083435
4.731903314590454,1.0979259097022454,0.024553757408147796,1.9235834330180661,0.5642627477645874,2.03413724899292
4.759180307388306,1.0939026561408203,0.03483114219789729,1.9642661779979236,0.5518786311149597,2.03413724899292
4.786824703216553,1.08945974450262,0.044934157354191574,2.0059396523097512,0.5518786311149597,2.0836737155914307
4.81532621383667,1.084706450259216,0.05461974947535337,2.048108491287568,0.5394945591688156,2.108441948890686
4.843042850494385,1.0796059551827386,0.06398630260151228,2.0907726913550873,0.5333025008440018,2.133210003376007
4.870782136917114,1.0741106061744001,0.07312678982960256,2.1334368914226065,0.5333025008440018,2.133210003376007
4.899036645889282,1.0682282113144328,0.08202310340330048,2.1765964561561106,0.5333025008440018,2.1579782366752625
4.926877975463867,1.062108681606137,0.09045376943754879,2.2207467466453106,0.5209184288978577,2.207514524459839
4.950428485870361,1.0556981303096216,0.09850762098423461,2.2653924018004914,0.5147263705730438,2.2322827577590942
4.977725982666016,1.0490953828419862,0.10607899474583488,2.3105334216216575,0.5023422986268997,2.2570509910583496
5.0057594776153564,1.0422414501579946,0.11325343151128646,2.35616980253253,0.4961502403020859,2.2818190455436707
5.0375659465789795,1.0351552231993633,0.1200204077520444,2.4023015481093917,0.48995818197727203,2.306587278842926
5.065065622329712,1.027764473424149,0.12645340065677918,2.448433293686249,0.48995818197727203,2.306587278842926
5.088073968887329,1.0202761245599032,0.1323811795879236,2.495555765018798,0.47757411003112793,2.3561235666275024
5.120468616485596,1.0130160544031,0.13758322244755652,2.5441643303493024,0.4466138631105423,2.4304282665252686
5.145570516586304,1.005717577394355,0.14228842989452514,2.5937636214355027,0.4342297911643982,2.479964554309845
5.17771053314209,0.9983020705599266,0.14656414686714772,2.6433629125216984,0.42803773283958435,2.479964554309845
5.20151162147522,0.9909022680803431,0.15035035496023696,2.6939529293635855,0.41565366089344025,2.5295008420944214
5.23331356048584,0.9838829091316351,0.15349850242222032,2.7460290366271494,0.3846934139728546,2.603805363178253
5.261326551437378,0.9770549616563722,0.15614114096691184,2.798600508556703,0.36611730605363846,2.6285735964775085
5.29534387588501,0.970214712448172,0.15838107512639016,2.851667345152237,0.3599252477288246,2.653341829776764
5.317727565765381,0.9633848376422138,0.16022279704716402,2.904734181747771,0.35373321175575256,2.653341829776764
5.3465492725372314,0.9564668888565774,0.16169965658612975,2.957801018343305,0.35373321175575256,2.653341829776764
5.379421710968018,0.949480343080364,0.16280749575107958,3.010867854938839,0.35373321175575256,2.653341829776764
5.412061452865601,0.9424448704325857,0.16354319550022675,3.063934691534378,0.35373321175575256,2.653341829776764
5.446126937866211,0.9353802787823577,0.16390468452364387,3.117001528129912,0.35373321175575256,2.653341829776764
5.478653192520142,0.928306477170343,0.16388919304898417,-3.1126215777881554,0.35373321175575256,2.6781100630760193
5.5060365200042725,0.9212435365823555,0.16349676503127852,-3.0595547411926214,0.35373321175575256,2.653341829776764
5.538720607757568,0.9142113537366647,0.16273025741663677,-3.0064879045970825,0.35373321175575256,2.653341829776764
5.579896688461304,0.9071075151295307,0.1615719002554497,-2.9534210680015485,0.3599252477288246,2.653341829776764
5.6129748821258545,0.9000751181999399,0.1600383723966343,-2.900354231406014,0.3599252477288246,2.653341829776764
5.6392598152160645,0.8928946316325677,0.15807024069010772,-2.8477827594764653,0.3723093420267105,2.6285735964775085
5.671700477600098,0.8842930147214091,0.15524010856951864,-2.7996695588119414,0.45280592143535614,2.405660033226013
5.705318927764893,0.8736231061511012,0.1512023596316924,-2.759977539587776,0.5704547613859177,1.9846009612083435
5.733236312866211,0.8624283774181021,0.14647616893515136,-2.724248430538933,0.6076070666313171,1.7864554524421692
5.772662401199341,0.8510661373055358,0.14121050594779228,-2.6909961376674585,0.6261831969022751,1.662614643573761
5.799729824066162,0.8397746791074707,0.1355142268169447,-2.657743844795981,0.6323752105236053,1.662614643573761
5.8319244384765625,0.8287859862011263,0.1295078333376495,-2.6249869165904918,0.6261831969022751,1.6378464102745056
5.86539101600647,0.8180014951494625,0.12314210794075751,-2.591734623719017,0.6261831969022751,1.662614643573761
5.89672589302063,0.8074346017937934,0.11642135858655825,-2.558482330847542,0.6261831969022751,1.662614643573761
5.929139614105225,0.7969947655282255,0.1092831205039981,-2.525230037976065,0.6323752105236053,1.662614643573761
5.95981502532959,0.7868960144458554,0.10187749014633145,-2.4924731097705757,0.6261831969022751,1.6378464102745056
5.9867939949035645,0.7767470397532491,0.09392320836277358,-2.461202271986763,0.644759327173233,1.5635418891906738
6.020092010498047,0.7663550151536341,0.0852841090637441,-2.4348850701339653,0.6757195293903351,1.315860092639923
6.052964687347412,0.7560009228038146,0.07621891786822141,-2.410053958702841,0.6881036460399628,1.2415555715560913
6.083930015563965,0.7457769643366904,0.06682314745730936,-2.3867089376933963,0.694295659661293,1.1672510504722595
6.1162800788879395,0.7356834988004074,0.057107869221293885,-2.363859279561798,0.7004877179861069,1.1424829065799713
6.150085210800171,0.7258146395530646,0.04716451491344281,-2.341009621430199,0.7004877179861069,1.1424829065799713
6.177161693572998,0.7161755389697602,0.036998275801545535,-2.3181599632986,0.7004877179861069,1.1424829065799713
6.210012435913086,0.7067712294722327,0.02661445951801672,-2.2953103051669985,0.7004877179861069,1.1424829065799713
6.243316173553467,0.6975202978754123,0.015929384259320053,-2.273451374579231,0.7066797763109207,1.0929465293884277
6.270002603530884,0.6885024182945332,0.005046885788648446,-2.252087808657447,0.7066797763109207,1.0681782960891724
6.303001165390015,0.6797163179332316,-0.006023602627709609,-2.2312196056135103,0.7066797763109207,1.0434101521968842
6.330376625061035,0.6711631350291771,-0.017275017451873192,-2.210351402569571,0.7066797763109207,1.0434101521968842
6.361074209213257,0.6628465942035286,-0.028702459074165743,-2.1894831995256334,0.7066797763109207,1.0434101521968842
6.388304710388184,0.654770317027841,-0.040300951231211454,-2.168614996481696,0.7066797763109207,1.0434101521968842
6.419389009475708,0.6469378204469967,-0.052065443172925066,-2.147746793437759,0.7066797763109207,1.0434101521968842
6.45226788520813,0.6392860518866486,-0.0640953033838996,-2.12687859039382,0.712871789932251,1.0434101521968842
6.479722261428833,0.6318869727143811,-0.07628221136743685,-2.1060103873498823,0.712871789932251,1.0434101521968842
6.5114052295684814,0.6248149600463482,-0.08851891194162548,-2.083656093884269,0.7066797763109207,1.117714673280716
6.543617486953735,0.6180213100693989,-0.10091230338084937,-2.06080643575267,0.7066797763109207,1.1424829065799713
6.575758218765259,0.6115727105855209,-0.11334933952964375,-2.0374614147432233,0.7004877179861069,1.1672510504722595
6.614751100540161,0.6054161847315553,-0.12593351581890935,-2.0141163937337785,0.7004877179861069,1.1672510504722595
6.642064094543457,0.5995032776192918,-0.13877045392522666,-1.990771372724334,0.7066797763109207,1.1672510504722595
6.674317836761475,0.5939471842145008,-0.15163098878720652,-1.9664356241710588,0.7004877179861069,1.216787427663803
6.706974029541016,0.5887583989738,-0.16451061558748178,-1.9411091480739497,0.694295659661293,1.2663238048553467
6.732914924621582,0.583947187015329,-0.17740386807355357,-1.9147919462211518,0.6881036460399628,1.315860092639923
6.759965181350708,0.5795203426529747,-0.19030321966183417,-1.887979379702369,0.6819115877151489,1.3406283259391785
6.788374662399292,0.5754441405928451,-0.20331761106692517,-1.8606714503057404,0.6819115877151489,1.3653964698314667
6.819432735443115,0.5717650328373423,-0.21632110025648302,-1.8323727933652778,0.6757195293903351,1.4149328470230103
6.847357988357544,0.5684920981862384,-0.2293050102383679,-1.803083408880988,0.6695275157690048,1.4644692242145538
6.8795247077941895,0.5656670122413723,-0.24214011026538867,-1.7718125710971748,0.6571433991193771,1.5635418891906738
6.91815710067749,0.5632965419982586,-0.2548149784963426,-1.739551003981392,0.644759327173233,1.6130783557891846
6.949753999710083,0.5613612305530788,-0.26743824288093115,-1.7062987111099173,0.6385672688484192,1.662614643573761
6.982374668121338,0.5598613505411059,-0.27999590922961487,-1.6730464182384397,0.6323752105236053,1.662614643573761
7.014775037765503,0.5587797939236365,-0.292596498876864,-1.639794125366965,0.6323752105236053,1.662614643573761
7.047869920730591,0.5581177564838367,-0.3052260804456832,-1.6065418324954908,0.6323752105236053,1.662614643573761
7.079909086227417,0.5578759701789732,-0.31787069050522776,-1.573289539624016,0.6323752105236053,1.662614643573761
7.11056113243103,0.5580547023311523,-0.3305163490089577,-1.5400372467525385,0.6323752105236053,1.662614643573761
7.141421318054199,0.5586596211074276,-0.34327277121062444,-1.506784953881064,0.6385672688484192,1.662614643573761
7.174194097518921,0.5596783326356283,-0.35587859728420906,-1.4735326610095894,0.6323752105236053,1.662614643573761
7.207804918289185,0.5611155763906049,-0.3684435865227216,-1.4402803681381147,0.6323752105236053,1.662614643573761
7.240504741668701,0.5629697633368327,-0.3809538469094449,-1.407028075266637,0.6323752105236053,1.662614643573761
7.266817092895508,0.5652388434609315,-0.3933955469365945,-1.3737757823951624,0.6323752105236053,1.662614643573761
7.293044805526733,0.5679465642619969,-0.4058759508634129,-1.3405234895236877,0.6385672688484192,1.662614643573761
7.324943780899048,0.5710374486300454,-0.4181393540614859,-1.307271196652213,0.6323752105236053,1.662614643573761
7.352028131484985,0.5745343354666341,-0.43029321791736613,-1.2740189037807355,0.6323752105236053,1.662614643573761
7.390339374542236,0.578471536817185,-0.44244190836688724,-1.2407666109092612,0.6385672688484192,1.662614643573761
7.4237754344940186,0.5827683853720312,-0.4543365170898285,-1.2075143180377865,0.6323752105236053,1.662614643573761
7.456851482391357,0.5874583087284393,-0.46608169665789695,-1.1742620251663116,0.6323752105236053,1.662614643573761
7.488425254821777,0.5925361216457031,-0.4776644614466876,-1.1410097322948343,0.6323752105236053,1.662614643573761
7.5232250690460205,0.5979962100273354,-0.4890720053997004,-1.1077574394233596,0.6323752105236053,1.662614643573761
7.550881385803223,0.6038325371280883,-0.5002917161868897,-1.0745051465518847,0.6323752105236053,1.662614643573761
7.5832905769348145,0.6100994189200822,-0.5114190890447677,-1.0412528536804102,0.6385672688484192,1.662614643573761
7.616001605987549,0.6166684564597155,-0.5222261409081609,-1.008000560808933,0.6323752105236053,1.662614643573761
7.642714977264404,0.6235931556248467,-0.5328088232546921,-0.9747482679374583,0.6323752105236053,1.662614643573761
7.68057107925415,0.630865860377358,-0.5431554357321147,-0.9414959750659836,0.6323752105236053,1.662614643573761
7.713428735733032,0.6385530712568075,-0.553353426858211,-0.9082436821945089,0.6385672688484192,1.662614643573761
7.740293264389038,0.6464972889215875,-0.5631938551959284,-0.8749913893230342,0.6323752105236053,1.662614643573761
7.772563934326172,0.6547642714777836,-0.5727647289068667,-0.8417390964515568,0.6323752105236053,1.662614643573761
7.80011510848999,0.6633448788411731,-0.58205546630766,-0.8084868035800822,0.6323752105236053,1.662614643573761
7.832014560699463,0.6722296241798399,-0.5910557954373193,-0.7752345107086074,0.6323752105236053,1.662614643573761
7.864326238632202,0.6814108262533668,-0.599753479627969,-0.7414868531711474,0.6323752105236053,1.6873828768730164
7.897686243057251,0.6908802713215898,-0.6081364261204109,-0.7077391956336847,0.6323752105236053,1.6873828768730164
7.930303573608398,0.700627175615487,-0.6161950884461829,-0.6739915380962247,0.6323752105236053,1.6873828768730164
7.9628283977508545,0.7106404393964989,-0.6239202894304346,-0.6402438805587647,0.6323752105236053,1.6873828768730164
7.991089582443237,0.7209086595968663,-0.6313032316428575,-0.6064962230213047,0.6323752105236053,1.6873828768730164
8.021850347518921,0.7314201428054037,-0.6383355074161668,-0.572748565483842,0.6323752105236053,1.6873828768730164
8.05326509475708,0.7421629185839088,-0.6450091084207201,-0.539000907946382,0.6323752105236053,1.6873828768730164
8.085025072097778,0.7531247530990588,-0.6513164347843766,-0.5052532504089221,0.6323752105236053,1.6873828768730164
8.117823362350464,0.7642931630542509,-0.6572503037472016,-0.471505592871462,0.6323752105236053,1.6873828768730164
8.14905595779419,0.775655429905536,-0.6628039578411673,-0.4377579353339993,0.6323752105236053,1.6873828768730164
8.178049802780151,0.7871986143454464,-0.6679710725855312,-0.40401027779653936,0.6323752105236053,1.6873828768730164
8.211316347122192,0.7989095710382357,-0.672745763689134,-0.3702626202590793,0.6323752105236053,1.6873828768730164
8.243911266326904,0.8107749635897361,-0.6771225937514062,-0.33651496272161935,0.6323752105236053,1.6873828768730164
8.282946586608887,0.8227812797347958,-0.6810965784544611,-0.3027673051841566,0.6323752105236053,1.6873828768730164
8.315690994262695,0.8349148467249929,-0.6846631922392165,-0.2690196476466966,0.6323752105236053,1.6873828768730164
8.342609643936157,0.8470419282327356,-0.687787478944617,-0.23527199010923663,0.6261831969022751,1.6873828768730164
8.374720335006714,0.8592675219477717,-0.6905008037736505,-0.20152433257177663,0.6261831969022751,1.6873828768730164
8.405682802200317,0.8715771525654972,-0.6928031289303634,-0.16827203970029928,0.6261831969022751,1.662614643573761
8.444128036499023,0.8840793907625856,-0.6947105412765733,-0.13452438216283927,0.6323752105236053,1.6873828768730164
8.470853090286255,0.8966388686890245,-0.6961950263760275,-0.10077672462537926,0.6323752105236053,1.6873828768730164
8.502288579940796,0.9092412836578035,-0.6972548937025852,-0.06702906708791925,0.6323752105236053,1.6873828768730164
8.530086278915405,0.9218721441242194,-0.6978920656205846,-0.033776774216444566,0.6323752105236053,1.662614643573761
8.561996221542358,0.934517241536441,-0.6981058253704472,-2.9116678981889312e-05,0.6323752105236053,1.6873828768730164
8.588899850845337,0.947162421236663,-0.6978959336739758,0.0332231761924928,0.6323752105236053,1.662614643573761
8.6209077835083,0.9597934585652383,-0.6972626266399501,0.0669708337299528,0.6323752105236053,1.6873828768730164
8.64914608001709,0.9723959352322826,-0.6962034931961312,0.10071849126741281,0.6323752105236053,1.6873828768730164
8.682329893112183,0.9849558840676804,-0.6947228482598383,0.13397078413889016,0.6323752105236053,1.662614643573761
8.716084957122803,0.997337230944882,-0.6928440303925445,0.16722307701036485,0.6261831969022751,1.662614643573761
8.74486231803894,1.009770427231409,-0.6905289036366404,0.20097073454782485,0.6323752105236053,1.6873828768730164
8.773187398910522,1.0221184288036576,-0.6877955835004403,0.23471839208528486,0.6323752105236053,1.6873828768730164
8.805772542953491,1.0343671738031082,-0.6846471826788055,0.2684660496227475,0.6323752105236053,1.6873828768730164
8.828965663909912,1.0465036115390716,-0.6810902875079807,0.3017183424942222,0.6323752105236053,1.662614643573761
8.862767696380615,1.058514089639639,-0.6771288991666289,0.3354660000316822,0.6323752105236053,1.6873828768730164
8.890267372131348,1.0703840667938531,-0.6727645178641247,0.3692136575691422,0.6323752105236053,1.6873828768730164
8.916868209838867,1.0821000255156332,-0.6680021137417534,0.40296131510660493,0.6323752105236053,1.6873828768730164
8.945462465286255,1.0936486237145175,-0.662847110207716,0.4367089726440649,0.6323752105236053,1.6873828768730164
8.97313904762268,1.10501809785314,-0.6573081859451585,0.46996126551553963,0.6323752105236053,1.662614643573761
9.006833791732788,1.1161971388804544,-0.6513943322198134,0.5032135583870143,0.6323752105236053,1.662614643573761
9.033543825149536,1.1271718155874575,-0.6451093777273766,0.536961215924477,0.6323752105236053,1.6873828768730164
9.061920642852783,1.1378245040224342,-0.6385254627689826,0.5702135087959518,0.6261831969022751,1.662614643573761
9.089548826217651,1.1483555300589228,-0.6315224552155129,0.6034658016674262,0.6323752105236053,1.662614643573761
9.121797561645508,1.1586460765019553,-0.6241706638896521,0.6372134592048863,0.6323752105236053,1.6873828768730164
9.151066780090332,1.1686827048830255,-0.6164758427393244,0.670961116742349,0.6323752105236053,1.6873828768730164
9.183370590209961,1.1784539855268528,-0.6084467545983973,0.704708774279809,0.6323752105236053,1.6873828768730164
9.216768741607666,1.1879508729679569,-0.6000948833645865,0.7379610671512836,0.6323752105236053,1.662614643573761
9.245949029922485,1.1971648427760047,-0.5914318940103543,0.7712133600227583,0.6323752105236053,1.662614643573761
9.269273281097412,1.2060857078652625,-0.5824673644502261,0.8044656528942331,0.6323752105236053,1.662614643573761
9.301339149475098,1.2147013004445109,-0.5732090845719963,0.8382133104316958,0.6323752105236053,1.6873828768730164
9.328572273254395,1.2230019763994522,-0.5636674179006954,0.8714656033031704,0.6323752105236053,1.662614643573761
9.351328134536743,1.2309808398591138,-0.5538550602804682,0.9047178961746452,0.6323752105236053,1.662614643573761
9.383039236068726,1.2386290692875224,-0.5437828603824528,0.9379701890461198,0.6323752105236053,1.662614643573761
9.410297632217407,1.2459356420673247,-0.5334601584101643,0.9717178465835824,0.6323752105236053,1.6873828768730164
9.442744970321655,1.2528923793736322,-0.5228985093804822,1.0049701394550572,0.6323752105236053,1.662614643573761
9.469793319702148,1.2594914555192838,-0.5121097941734196,1.0387177969925172,0.6323752105236053,1.6873828768730164
9.503064155578613,1.2656617345893055,-0.5012123206354371,1.0724654545299772,0.6261831969022751,1.6873828768730164
9.536062955856323,1.2714608059129218,-0.490112859157662,1.1062131120674399,0.6261831969022751,1.6873828768730164
9.569795846939087,1.2768820655291566,-0.4788240497657749,1.1399607696049,0.6261831969022751,1.6873828768730164
9.596546173095703,1.2819691508222,-0.4672453734590241,1.17370842714236,0.6323752105236053,1.6873828768730164
9.63013482093811,1.2866167031736464,-0.4556166361907932,1.20745608467982,0.6261831969022751,1.6873828768730164
9.653337717056274,1.290869241062657,-0.44383770606893863,1.2412037422172826,0.6261831969022751,1.6873828768730164
9.684657573699951,1.2947219217148114,-0.43192199689552,1.2749513997547426,0.6261831969022751,1.6873828768730164
9.720292568206787,1.2981703577116328,-0.41988307823607207,1.3086990572922024,0.6261831969022751,1.6873828768730164
9.749745607376099,1.3012106219869621,-0.40773465996663744,1.3424467148296626,0.6261831969022751,1.6873828768730164
9.782508373260498,1.3037753588972332,-0.39573025168974857,1.378175823878508,0.6137990802526474,1.7864554524421692
9.81123685836792,1.3058607080241147,-0.3838847855498729,1.4148956622593205,0.6014150083065033,1.83599191904068
9.844125270843506,1.3074277109951427,-0.37245954615879184,1.4540923168175013,0.5766468197107315,1.9598327279090881
9.872909545898438,1.3085189982888226,-0.36122792330724524,1.4937843360416667,0.5642627477645874,1.9846009612083435
9.899905920028687,1.309160945828862,-0.3499617019671676,1.5339717199318217,0.5642627477645874,2.009369194507599
9.92693567276001,1.3093497369557494,-0.3386787857732853,1.5741591038219727,0.5642627477645874,2.009369194507599
9.959394454956055,1.3090879712226242,-0.3275211932421429,1.614346487712124,0.5580706894397736,2.009369194507599
9.990400791168213,1.3083832920743144,-0.31650690095284745,1.6550292326919818,0.5518786311149597,2.03413724899292
10.024559736251831,1.307238781631321,-0.3056541403486508,1.6967027070038092,0.5456866174936295,2.0836737155914307
10.051008224487305,1.3056431235247818,-0.294858484180859,1.7383761813156402,0.5456866174936295,2.0836737155914307
10.084280967712402,1.303622282734574,-0.28426031894832854,1.7800496556274685,0.5394945591688156,2.0836737155914307
10.12216830253601,1.3011873360490667,-0.27387673572887167,1.8222184946052822,0.5333025008440018,2.108441948890686
10.151013374328613,1.2983142810934705,-0.2636057609595303,1.8648826946728005,0.5333025008440018,2.133210003376007
10.185322523117065,1.2950057705614713,-0.25346667196938916,1.9075468947403242,0.5333025008440018,2.133210003376007
10.212372064590454,1.2913112259459996,-0.24359389782642382,1.9502110948078426,0.5271104872226715,2.133210003376007
10.239692687988281,1.28715064986284,-0.2337736649296661,1.992875294875361,0.5333025008440018,2.133210003376007
10.271819353103638,1.282575014528336,-0.22413982204242933,2.0355394949428796,0.5333025008440018,2.133210003376007
10.298502683639526,1.2775926474060697,-0.21470990235298817,2.078203695010403,0.5333025008440018,2.133210003376007
10.325262784957886,1.2722126161943463,-0.2055010679179901,2.120867895077921,0.5333025008440018,2.133210003376007
10.35870909690857,1.2664447123233633,-0.1965300784282281,2.16353209514544,0.5333025008440018,2.133210003376007
10.390350580215454,1.2602994331352204,-0.187813260706714,2.2061962952129583,0.5333025008440018,2.133210003376007
10.422540187835693,1.2537879627791995,-0.1793664789945463,2.2488604952804816,0.5333025008440018,2.133210003376007
10.455384492874146,1.2469221518570857,-0.17120510607866346,2.2915246953480004,0.5333025008440018,2.133210003376007
10.483726024627686,1.2397144958555675,-0.163343995314013,2.3341888954155183,0.5333025008440018,2.133210003376007
10.52115797996521,1.2321781124049802,-0.1557974535910754,2.376853095483037,0.5333025008440018,2.133210003376007
10.548301458358765,1.2243267174057693,-0.14857921529792406,2.4195172955505604,0.5333025008440018,2.133210003376007
10.581653356552124,1.216176289293762,-0.1417003863694181,2.461686134528374,0.5333025008440018,2.108441948890686
10.608510494232178,1.207741518321233,-0.13517336513984443,2.5043503345958924,0.5333025008440018,2.133210003376007
10.641340255737305,1.1990360371455147,-0.12901203695595923,2.547014534663411,0.5333025008440018,2.133210003376007
10.673631191253662,1.1900771066520668,-0.12322538591669326,2.589183373641228,0.5333025008440018,2.108441948890686
10.707367658615112,1.180880874329987,-0.11782384182554133,2.631847573708747,0.5333025008440018,2.133210003376007
10.741236448287964,1.1714626277344349,-0.11281944390414327,2.674511773776265,0.5333025008440018,2.133210003376007
10.773034572601318,1.1618395076775163,-0.10822129994593004,2.717175973843783,0.5333025008440018,2.133210003376007
10.807362794876099,1.1520290278324075,-0.10403777837923102,2.759840173911302,0.5333025008440018,2.133210003376007
10.841502904891968,1.1420490428592063,-0.10027649303708662,2.802504373978825,0.5333025008440018,2.133210003376007
10.875604629516602,1.131917715910208,-0.09694428930039452,2.8451685740463435,0.5333025008440018,2.133210003376007
10.907942295074463,1.1216534855737257,-0.09404723163960209,2.887832774113862,0.5333025008440018,2.133210003376007
10.94052004814148,1.1112750323166405,-0.09159059257762746,2.93049697418138,0.5333025008440018,2.133210003376007
10.973043203353882,1.100801244486737,-0.08957884309408916,2.973161174248904,0.5333025008440018,2.133210003376007
11.00505542755127,1.0902511839367106,-0.08801564448831257,3.0158253743164223,0.5333025008440018,2.133210003376007
11.044247150421143,1.079644051332391,-0.08690384171591771,3.0584895743839406,0.5333025008440018,2.133210003376007
11.071258783340454,1.068999151208344,-0.08624545821112108,3.101153774451459,0.5333025008440018,2.133210003376007
11.104265928268433,1.0583358568344294,-0.08604169220417014,-3.1393673326606035,0.5333025008440018,2.133210003376007
11.136590003967285,1.0476735749572703,-0.08629291454061501,-3.096703132593085,0.5333025008440018,2.133210003376007
11.168187379837036,1.0370317104807851,-0.08699866800638477,-3.054038932525567,0.5333025008440018,2.133210003376007
11.201007843017578,1.0264293258486246,-0.08815504422041495,-3.011870093547753,0.5333025008440018,2.108441948890686
11.238670349121094,1.0158851150498764,-0.08975735020499913,-2.969701254569936,0.5333025008440018,2.108441948890686
11.267186880111694,1.0052962917311725,-0.09182648568319868,-2.9275324155921223,0.5394945591688156,2.108441948890686
11.304977416992188,0.9946817438195064,-0.0943611452852434,-2.8868496706122646,0.5456866174936295,2.03413724899292
11.338375091552734,0.9840591312862126,-0.09735642773618491,-2.8466622867221134,0.5518786311149597,2.009369194507599
11.36529016494751,0.9734476967766345,-0.10081444017673519,-2.8064749028319587,0.5580706894397736,2.009369194507599
11.392770051956177,0.9630998633718093,-0.10465292396846779,-2.7662875189418075,0.5518786311149597,2.009369194507599
11.429757833480835,0.9528003236891037,-0.10895174644845186,-2.7261001350516563,0.5580706894397736,2.009369194507599
11.461585760116577,0.9426818118298701,-0.11366089819208794,-2.685912751161505,0.5580706894397736,2.009369194507599
11.493498802185059,0.9327606672528284,-0.11877277482122331,-2.6457253672713503,0.5580706894397736,2.009369194507599
11.525847911834717,0.9233800517992593,-0.12410278021593416,-2.604051892959522,0.5394945591688156,2.0836737155914307
11.559824466705322,0.9144438829302464,-0.12969436509340004,-2.5608923282260183,0.5271104872226715,2.1579782366752625
11.592024087905884,0.9058608114504948,-0.1355982664288097,-2.5172373988265293,0.5209184288978577,2.182746469974518
11.62328815460205,0.8975435698192413,-0.14187111734781932,-2.4735824694270403,0.5209184288978577,2.182746469974518
11.655776500701904,0.8895080061264001,-0.1485009652452516,-2.4299275400275477,0.5209184288978577,2.182746469974518
11.688816785812378,0.8817694317385972,-0.15547517727595567,-2.3862726106280587,0.5209184288978577,2.182746469974518
11.71671438217163,0.8743425921241191,-0.16278046442606794,-2.3426176812285697,0.5209184288978577,2.182746469974518
11.749231815338135,0.8672416387561601,-0.17040290683456458,-2.2989627518290807,0.5209184288978577,2.182746469974518
11.776195287704468,0.8604801021478928,-0.17832798031686467,-2.255307822429588,0.5209184288978577,2.182746469974518
11.80509066581726,0.8540708660707517,-0.18654058403993862,-2.211652893030099,0.5209184288978577,2.182746469974518
11.841713428497314,0.8480261430050436,-0.19502506929619745,-2.16799796363061,0.5209184288978577,2.182746469974518
11.869420051574707,0.842357450869678,-0.20376526932132386,-2.124343034231121,0.5209184288978577,2.182746469974518
11.892711877822876,0.8371405827055065,-0.21263907164225754,-2.080192743741922,0.5147263705730438,2.207514524459839
11.934221744537354,0.8323806716630928,-0.22162622494833512,-2.0355470885867417,0.50853431224823,2.2322827577590942
11.962509870529175,0.8280796236470279,-0.23070495474914396,-1.9909014334315605,0.5023422986268997,2.2322827577590942
11.995944738388062,0.8241400840114728,-0.2400807589887024,-1.9462557782763799,0.50853431224823,2.2322827577590942
12.02807879447937,0.820622919816102,-0.24962304559629553,-1.9016101231211953,0.50853431224823,2.2322827577590942
12.053678512573242,0.8175351404296256,-0.2593127977158848,-1.8569644679660144,0.50853431224823,2.2322827577590942
12.08411431312561,0.8148828994982793,-0.2691307046069041,-1.8123188128108338,0.50853431224823,2.2322827577590942
12.115783929824829,0.8126714826822032,-0.27905720012869867,-1.767673157655653,0.50853431224823,2.2322827577590942
12.14799976348877,0.8109052971216308,-0.2890725017339562,-1.7230275025004684,0.50853431224823,2.2322827577590942
12.1801016330719,0.8095878626538846,-0.29915664989341056,-1.6783818473452878,0.50853431224823,2.2322827577590942
12.20733904838562,0.8087218047986791,-0.3092895478732616,-1.633736192190107,0.50853431224823,2.2322827577590942
12.240472316741943,0.808313877750189,-0.3193272739282853,-1.5890905370349262,0.5023422986268997,2.2322827577590942
12.271331548690796,0.8083548480394588,-0.3294970329772523,-1.5444448818797416,0.50853431224823,2.2322827577590942
12.298447608947754,0.8088496622411318,-0.3396548298143846,-1.499799226724561,0.50853431224823,2.2322827577590942
12.33804726600647,0.8097973342382713,-0.3497804209311773,-1.45515357156938,0.50853431224823,2.2322827577590942
12.364304542541504,0.8111959754120712,-0.3598536270020161,-1.4105079164141991,0.50853431224823,2.2322827577590942
12.390750885009766,0.8130427984056912,-0.3698543730996265,-1.3658622612590186,0.50853431224823,2.2322827577590942
12.424200296401978,0.8153341226791895,-0.37976272870246625,-1.321216606103834,0.50853431224823,2.2322827577590942
12.456859827041626,0.8180653818444834,-0.389558947414328,-1.276570950948653,0.50853431224823,2.2322827577590942
12.487968444824219,0.8211925859610041,-0.39910582875046113,-1.2319252957934723,0.5023422986268997,2.2322827577590942
12.519300937652588,0.8247865196022073,-0.4086194673110362,-1.1872796406382915,0.50853431224823,2.2322827577590942
12.552772760391235,0.8288014736005727,-0.417963225766265,-1.1426339854831071,0.50853431224823,2.2322827577590942
12.584436893463135,0.8332294465403675,-0.4271184829075515,-1.0979883303279265,0.50853431224823,2.2322827577590942
12.611952781677246,0.8380616138989807,-0.4360669931912236,-1.0533426751727455,0.50853431224823,2.2322827577590942
12.640283584594727,0.8432883456333437,-0.4447909231001371,-1.0086970200175647,0.50853431224823,2.2322827577590942
12.67283296585083,0.8488992253716766,-0.4532728866841555,-0.9640513648623804,0.50853431224823,2.2322827577590942
12.70577359199524,0.8548830711723108,-0.4614959802086671,-0.9194057097071996,0.50853431224823,2.2322827577590942
12.728296279907227,0.861227957808221,-0.46944381584210093,-0.8747600545520187,0.50853431224823,2.2322827577590942
12.76197600364685,0.8679212405328504,-0.47710055431528986,-0.8301143993968378,0.50853431224823,2.2322827577590942
12.785860061645508,0.8749495802798702,-0.4844509364876064,-0.7854687442416535,0.50853431224823,2.2322827577590942
12.81887674331665,0.8822989702466499,-0.4914803137569547,-0.7408230890864727,0.50853431224823,2.2322827577590942
12.841403484344482,0.889954763808465,-0.49817467725302383,-0.6961774339312918,0.50853431224823,2.2322827577590942
12.868796825408936,0.8979017037078048,-0.5045206857556115,-0.6515317787761111,0.50853431224823,2.2322827577590942
12.902175903320312,0.9060238367456092,-0.5104328176679435,-0.6068861236209266,0.5023422986268997,2.2322827577590942
12.931644201278687,0.9145050082038637,-0.5160448946786697,-0.5622404684657458,0.50853431224823,2.2322827577590942
12.954253911972046,0.9232282002115839,-0.5212728578456285,-0.517594813310565,0.50853431224823,2.2322827577590942
12.98706841468811,0.9321760282891984,-0.5261062883429136,-0.47294915815538424,0.50853431224823,2.2322827577590942
13.018644332885742,0.9413306602791346,-0.5305355536101432,-0.4283035030001998,0.50853431224823,2.2322827577590942
13.051172733306885,0.9506738518835844,-0.5345518265492213,-0.38365784784501905,0.50853431224823,2.2322827577590942
13.083617448806763,0.960186983023633,-0.5381471031158946,-0.33901219268983823,0.50853431224823,2.2322827577590942
13.111916542053223,0.9698510949472755,-0.5413142182710388,-0.29436653753465736,0.50853431224823,2.2322827577590942
13.13868522644043,0.9796469280123805,-0.5440468602598891,-0.24972088237947662,0.50853431224823,2.2322827577590942
13.171365022659302,0.9895549600692974,-0.5463395831907598,-0.20507522722429578,0.50853431224823,2.2322827577590942
13.199295043945312,0.9995554453666161,-0.5481878178881792,-0.16042957206911493,0.50853431224823,2.2322827577590942
13.237908601760864,1.0096284539025455,-0.5495878809988163,-0.11578391691392524,0.50853431224823,2.2322827577590942
13.272200584411621,1.019753911143475,-0.5505369823320473,-0.07113826175874444,0.50853431224823,2.2322827577590942
13.30417013168335,1.0299116380305942,-0.5510332304205375,-0.026492606603563607,0.50853431224823,2.2322827577590942
13.337239742279053,1.0400813911948006,-0.5510756362897523,0.018153048551617208,0.50853431224823,2.2322827577590942
13.37630033493042,1.050119174733486,-0.5506691261876796,0.06279870370679802,0.5023422986268997,2.2322827577590942
13.398515462875366,1.0601285828214884,-0.5498125489949844,0.10793972352796416,0.5023422986268997,2.2570509910583496
13.425975322723389,1.069966363310585,-0.548521278257496,0.1530807433491303,0.4961502403020859,2.2570509910583496
13.463096618652344,1.0797354046823355,-0.5467849698703774,0.19871712426000293,0.4961502403020859,2.2818190455436707
13.490872621536255,1.0894150636006446,-0.5446048002982146,0.2443535051708827,0.4961502403020859,2.2818190455436707
13.519192695617676,1.0988657468443515,-0.5420180011395639,0.28998988608175535,0.48995818197727203,2.2818190455436707
13.556679725646973,1.1080700036693973,-0.5390385820432836,0.3361216316586133,0.4837661683559418,2.306587278842926
13.584946155548096,1.1168943779461333,-0.5357227514620688,0.3827487419014566,0.4713820517063141,2.3313555121421814
13.622137069702148,1.1249822947236403,-0.5322357916879843,0.4313573072319604,0.44042184948921204,2.4304282665252686
13.650373220443726,1.132554838810703,-0.528517833116605,0.48145196298414156,0.4218457192182541,2.5047327876091003
13.683659553527832,1.1394956787645287,-0.5246605043817708,0.5330327091579997,0.3970775306224823,2.579037308692932
13.720562934875488,1.1459114239153425,-0.5206442447755846,0.5856041810875481,0.37850140035152435,2.6285735964775085
13.753742933273315,1.1519045417836902,-0.5164386599864096,0.6381756530171071,0.36611730605363846,2.6285735964775085
13.785923719406128,1.1576683878354748,-0.5119239635520793,0.6907471249466552,0.36611730605363846,2.6285735964775085
13.818452835083008,1.163185831971685,-0.5071112739050432,0.7438139615421888,0.36611730605363846,2.653341829776764
13.851393222808838,1.1684402347604401,-0.5020127032456905,0.7968807981377223,0.36611730605363846,2.653341829776764
13.883997201919556,1.1734181435869884,-0.49664382730026196,0.8494522700672708,0.36611730605363846,2.6285735964775085
13.92246127128601,1.178105652317493,-0.49101964439637885,0.9025191066628041,0.36611730605363846,2.653341829776764
13.96143913269043,1.18248824484119,-0.48515474420915267,0.9555859432583378,0.36611730605363846,2.653341829776764
13.995495319366455,1.1865535822828626,-0.47906563894481174,1.0086527798538714,0.36611730605363846,2.653341829776764
14.03482699394226,1.1902917864620541,-0.47277038400815496,1.0612242517834196,0.36611730605363846,2.6285735964775085
14.061995506286621,1.1936940276874175,-0.4662873939690381,1.1137957237129785,0.36611730605363846,2.6285735964775085
14.094833850860596,1.196750905147327,-0.4596345821275741,1.166367195642527,0.36611730605363846,2.6285735964775085
14.126479625701904,1.1994539723127888,-0.45283033102243175,1.218938667572075,0.36611730605363846,2.6285735964775085
14.15859580039978,1.2019975279567772,-0.44530805949588226,1.2705194137459332,0.3970775306224823,2.579037308692932
14.19056224822998,1.2044649223687756,-0.436595476714779,1.3191279790764372,0.45280592143535614,2.4304282665252686
14.22208046913147,1.2067487849509253,-0.42681251599021064,1.363773634231618,0.5023422986268997,2.2322827577590942
14.260982513427734,1.2089812880022799,-0.4151199477789044,1.4004934726124314,0.5952229499816895,1.83599191904068
14.298810005187988,1.2110895891953968,-0.4017714471329764,1.4278014020090608,0.6757195293903351,1.3653964698314667
14.331765174865723,1.2129402748566396,-0.38775986574303245,1.45114642301851,0.7066797763109207,1.1672510504722595
14.359079360961914,1.214466866858308,-0.3737092661744877,1.4739960811501098,0.7066797763109207,1.1424829065799713
14.390809774398804,1.215686116217229,-0.3595043571018551,1.4963503746157243,0.712871789932251,1.117714673280716
14.423390626907349,1.2166024876876365,-0.3451525793560309,1.5177139405375075,0.7190638482570648,1.0681782960891724
14.45081615447998,1.2172068189540441,-0.33090822861085334,1.5390775064592908,0.712871789932251,1.0681782960891724
14.482954740524292,1.217509330347534,-0.3165304072183711,1.5604410723810738,0.7190638482570648,1.0681782960891724
14.516111373901367,1.2175046345394451,-0.3021494045034455,1.5818046383028572,0.7190638482570648,1.0681782960891724
14.548820972442627,1.2171927336728723,-0.287771783734113,1.6031682042246405,0.7190638482570648,1.0681782960891724
14.58054494857788,1.2165791001616888,-0.27352783068921643,1.6245317701464272,0.712871789932251,1.0681782960891724
14.612651824951172,1.215653356357086,-0.2591766544466379,1.6458953360682105,0.7190638482570648,1.0681782960891724
14.645188808441162,1.2144212548213948,-0.24484852871634583,1.6672589019899935,0.7190638482570648,1.0681782960891724
14.674575090408325,1.2128833578667704,-0.23054999263413561,1.688622467911777,0.7190638482570648,1.0681782960891724
14.70568323135376,1.2110403673656849,-0.21628757183154326,1.7099860338335602,0.7190638482570648,1.0681782960891724
14.738805770874023,1.2089116149353392,-0.20219022606996476,1.7313495997553432,0.712871789932251,1.0681782960891724
14.77018427848816,1.2064610995348497,-0.18801954382071245,1.7527131656771266,0.7190638482570648,1.0681782960891724
14.800043106079102,1.2037321340472018,-0.1740259920271747,1.7740767315989097,0.712871789932251,1.0681782960891724
14.8387610912323,1.2007048618621041,-0.16009392945379627,1.7954402975206931,0.712871789932251,1.0681782960891724
14.870646238327026,1.1973517903507305,-0.14610928885859348,1.81680386344248,0.7190638482570648,1.0681782960891724
14.902425289154053,1.1937321850839024,-0.13231924889695634,1.838167429364263,0.712871789932251,1.0681782960891724
14.935513973236084,1.1897848320118611,-0.118490595135221,1.8595309952860464,0.7190638482570648,1.0681782960891724
14.961717367172241,1.1855761303831114,-0.10486880331652451,1.881389925873815,0.712871789932251,1.0929465293884277
14.994898319244385,1.1810932532416616,-0.09146535313875784,1.90572567442709,0.7066797763109207,1.216787427663803
15.029221534729004,1.1764350326327642,-0.07864775634221416,1.9330336038237195,0.6819115877151489,1.3653964698314667
15.062663793563843,1.1715497030876703,-0.06631381473409367,1.9628183511858555,0.663335457444191,1.489237368106842
15.09475040435791,1.1663422780632868,-0.05424716357016567,1.9935938243036833,0.6571433991193771,1.5387736558914185
15.122542381286621,1.1608156513885244,-0.04245998217102409,2.0248646620875017,0.6509513407945633,1.5635418891906738
15.154439926147461,1.1550268561252106,-0.031076550002781533,2.057621590292992,0.6385672688484192,1.6378464102745056
15.186784029006958,1.149151171417949,-0.020440048739379255,2.0933506993418347,0.6076070666313171,1.7864554524421692
15.214953422546387,1.1431418060216656,-0.010452483330764721,2.1315566281443235,0.5828388780355453,1.9102964401245117
15.247205257415771,1.136951900269325,-0.0010171599863387157,2.1712486473684893,0.5642627477645874,1.9846009612083435
15.284801483154297,1.1303924611334126,0.008165106512679543,2.210940666592655,0.5642627477645874,1.9846009612083435
15.31327772140503,1.123473821367557,0.017079851805005722,2.2506326858168206,0.5642627477645874,1.9846009612083435
15.346279382705688,1.1162068795560216,0.025713032942019376,2.290324705040987,0.5642627477645874,1.9846009612083435
15.378479242324829,1.1086030829457134,0.03405105050891388,2.33001672426516,0.5642627477645874,1.9846009612083435
15.41079568862915,1.100674409413918,0.04208077004716288,2.369708743489326,0.5642627477645874,1.9846009612083435
15.444393873214722,1.0924333486001452,0.049789542744579175,2.4094007627134917,0.5642627477645874,1.9846009612083435
15.476109266281128,1.0837072946075346,0.05732927584149744,2.4485974172716722,0.5766468197107315,1.9598327279090881
15.507845163345337,1.0743126581640237,0.064839543054674,2.485812620318471,0.6014150083065033,1.8607601523399353
15.540648221969604,1.0642579477542757,0.0723047712307032,2.5200556389456366,0.6261831969022751,1.7121509313583374
15.574007511138916,1.0535550652507495,0.07971618896446948,2.551821841395435,0.6509513407945633,1.5883101224899292
15.607082843780518,1.0426239260534174,0.08678665172067977,2.583092679179248,0.6509513407945633,1.5635418891906738
15.634033679962158,1.0314770677499605,0.09351188760509757,2.6143635169630612,0.6509513407945633,1.5635418891906738
15.666733264923096,1.0198095019296383,0.1000816940997682,2.6431575367813713,0.6695275157690048,1.4397009909152985
15.698912143707275,1.0078495613472978,0.10637346541207676,2.67145619372183,0.6757195293903351,1.4149328470230103
15.729871988296509,0.9956066737876758,0.11238188350241692,2.699259487784445,0.6819115877151489,1.390164703130722
15.762899398803711,0.9832028752243461,0.11805070949024417,2.7265674171810743,0.6819115877151489,1.3653964698314667
15.7954843044281,0.9706489166121866,0.12337874196425462,2.7538753465777037,0.6819115877151489,1.3653964698314667
15.827643632888794,0.957954159145215,0.12836200793495042,2.781183275974333,0.6819115877151489,1.3653964698314667
15.861894845962524,0.9452434128883979,0.13295155230510275,2.808986570036948,0.6757195293903351,1.390164703130722
15.888718843460083,0.9327607841076033,0.13706336739934555,2.8377805898552526,0.6571433991193771,1.4397009909152985
15.922179698944092,0.9268223324013137,0.13887180111213876,2.8541905198460245,0.3103888928890228,0.8204964995384216
15.949065208435059,0.9268223324013137,0.13887180111213876,2.8541905198460245,-0.0,-0.0
15.982287883758545,0.9268223324013137,0.13887180111213876,2.8541905198460245,-0.0,-0.0
16.01403522491455,0.9268223324013137,0.13887180111213876,2.8541905198460245,-0.0,-0.0
16.047283172607422,0.9268223324013137,0.13887180111213876,2.8541905198460245,-0.0,-0.0
16.081510543823242,0.9268223324013137,0.13887180111213876,2.8541905198460245,-0.0,-0.0
16.1092791557312,0.9268223324013137,0.13887180111213876,2.8541905198460245,-0.0,-0.0
16.14075994491577,0.9268223324013137,0.13887180111213876,2.8541905198460245,-0.0,-0.0
16.17279863357544,0.9268223324013137,0.13887180111213876,2.8541905198460245,-0.0,-0.0
16.210514545440674,0.9268223324013137,0.13887180111213876,2.8541905198460245,-0.0,-0.0
16.243271350860596,0.9268223324013137,0.13887180111213876,2.8541905198460245,-0.0,-0.0
16.270882606506348,0.9270744808215136,0.13879726962844105,2.8541905198460245,-0.01314665051177144,-0.0
16.31136655807495,0.9297018567395133,0.13802065470757446,2.8541905198460245,-0.13698754459619522,-0.0
16.33866262435913,0.9349419830792519,0.13647174795434322,2.8541905198460245,-0.2732125371694565,-0.0
16.370931148529053,0.9449325645753524,0.13351867427925523,2.8541905198460245,-0.5208943337202072,-0.0
16.40414023399353,0.9593173171768273,0.1292667461761063,2.8541905198460245,-0.75,-0.0
16.432016849517822,0.9737020697783023,0.1250148180729574,2.8541905198460245,-0.75,-0.0
16.463650703430176,0.9880868223797798,0.1207628899698077,2.8541905198460245,-0.75,-0.0
16.49132800102234,1.002471574981255,0.11651096186665877,2.8541905198460245,-0.75,-0.0
16.523305654525757,1.01685632758273,0.11225903376350983,2.8541905198460245,-0.75,-0.0
16.556360960006714,1.0312410801842051,0.1080071056603609,2.8541905198460245,-0.75,-0.0
16.58863139152527,1.0456258327856802,0.10375517755721196,2.8541905198460245,-0.75,-0.0
16.620147228240967,1.0600105853871553,0.09950324945406303,2.8541905198460245,-0.75,-0.0
16.64779257774353,1.0743953379886304,0.09525132135091409,2.8541905198460245,-0.75,-0.0
16.679052591323853,1.0887800905901055,0.09099939324776515,2.8541905198460245,-0.75,-0.0
16.706709146499634,1.103164843191583,0.08674746514461547,2.8541905198460245,-0.75,-0.0
16.73415732383728,1.1175463009855457,0.0824844114453974,2.8526434241449254,-0.75,-0.0773547850549221
16.765750408172607,1.1319200833229595,0.07819555342741226,2.850600964895429,-0.75,-0.102122962474823
16.79237651824951,1.1462850758676244,0.07387734651093616,2.8485585056459324,-0.75,-0.102122962474823
16.820790767669678,1.1606412186939865,0.06952980870996642,2.846516046396436,-0.75,-0.102122962474823
16.85207462310791,1.1749884519134108,0.06515295816085859,2.8444735871469393,-0.75,-0.102122962474823
16.884156703948975,1.189319039237474,0.060721965304262396,2.8389635828351394,-0.75,-0.27550021559000015
16.916260242462158,1.2036193783836713,0.05619437165462666,2.8309767601107967,-0.75,-0.3993411362171173
16.94732141494751,1.2178796324050778,0.051542117072333485,2.821503846964777,-0.75,-0.4736456573009491
16.97396993637085,1.2320927920471942,0.04674794977239939,2.8110402071689964,-0.75,-0.5231819897890091
17.001044511795044,1.2462513139344493,0.04179481131739141,2.79909047605747,-0.75,-0.5974865555763245
17.032686710357666,1.2603445261713342,0.036658885898484025,2.7851592907523517,-0.75,-0.696559265255928
17.06499195098877,1.2743474545661484,0.03128206381538027,2.7647883782004725,-0.75,-1.0185456275939941
17.096848487854004,1.2882337079604202,0.025610819736533525,2.742931375226916,-0.75,-1.092850148677826
17.129650354385376,1.3019882172435226,0.0196272373905261,2.7195882818316828,-0.75,-1.1671546697616577
17.16192936897278,1.3154775550006974,0.013356264733578418,2.693273007593097,-0.7438079416751862,-1.3157637119293213
17.194922924041748,1.3286830507257248,0.006781142142534334,2.6659670058106797,-0.7376158833503723,-1.3653000891208649
17.226534605026245,1.3415896418293163,-0.00010344022295430758,2.637174913606582,-0.731423869729042,-1.4396046102046967
17.259371757507324,1.354292689475711,-0.007356725599654115,2.6083828214024893,-0.731423869729042,-1.4396046102046967
17.290106534957886,1.3667816637618337,-0.014972701541251398,2.579590729198397,-0.731423869729042,-1.4396046102046967
17.317058563232422,1.3789423835222767,-0.0228775629333609,2.5507986369943043,-0.7252318114042282,-1.4396046102046967
17.348712921142578,1.3908704970528147,-0.031129232238603716,2.522006544790212,-0.7252318114042282,-1.4396046102046967
17.381547451019287,1.402655889105138,-0.039794225166209445,2.4932144525861193,-0.731423869729042,-1.4396046102046967
17.41484308242798,1.4141869477336955,-0.04879490598308042,2.4644223603820268,-0.731423869729042,-1.4396046102046967
17.446710109710693,1.4254541145291102,-0.058123813779104846,2.4356302681779343,-0.731423869729042,-1.4396046102046967
17.481311321258545,1.4364480498291534,-0.06777321556786693,2.4068381759738364,-0.731423869729042,-1.4396046102046967
17.514274835586548,1.4471596404606382,-0.07773511269672292,2.378046083769744,-0.731423869729042,-1.4396046102046967
17.548737049102783,1.4574917909776255,-0.08791433685256156,2.3492539915656514,-0.7252318114042282,-1.4396046102046967
17.581298351287842,1.4676122962854252,-0.09847619940502923,2.320461899361559,-0.731423869729042,-1.4396046102046967
17.611892461776733,1.4773414827204396,-0.10923319108640654,2.2916698071574664,-0.7252318114042282,-1.4396046102046967
17.639377117156982,1.4867569632548674,-0.12026580931719384,2.262877714953374,-0.7252318114042282,-1.4396046102046967
17.67224097251892,1.495850933139784,-0.13156490885887054,2.2340856227492814,-0.7252318114042282,-1.4396046102046967
17.70599389076233,1.5046906893826044,-0.14321979100456134,2.205293530545189,-0.731423869729042,-1.4396046102046967
17.739670515060425,1.51319421807872,-0.15512223076506557,2.176996801218937,-0.731423869729042,-1.4148364663124084
17.769991397857666,1.5213696459884738,-0.16725245667526184,2.150681526980351,-0.731423869729042,-1.3157637119293213
17.798868417739868,1.5291656997014322,-0.17948336876461474,2.125852343163442,-0.7252318114042282,-1.2414591908454895
17.830825567245483,1.536655698087046,-0.1919040607025187,2.1010231593465334,-0.7252318114042282,-1.2414591908454895
17.863251209259033,1.5438412804185688,-0.2045033430585758,2.077184703073456,-0.7252318114042282,-1.191922813653946
17.895030975341797,1.5506845741833328,-0.2171512319527529,2.0563184276437307,-0.7190397530794144,-1.0433137714862823
17.92722797393799,1.5571141696113635,-0.2295977200728301,2.0389196977233435,-0.7004636228084564,-0.8699364960193634
17.96580171585083,1.563219480419769,-0.24193068638554607,2.022016330680802,-0.6880795508623123,-0.8451683521270752
18.003332376480103,1.5689622864718367,-0.25402656698478204,2.006103691182092,-0.6695034205913544,-0.7956319749355316
18.038562774658203,1.5735148891828767,-0.26394482578650064,1.9961354142641556,-0.545662522315979,-0.4984138458967209
18.071487188339233,1.5773768760342102,-0.2725445975196444,1.989634682855559,-0.47135795652866364,-0.32503657042980194
18.10408878326416,1.5807905417092045,-0.2802595284024455,1.9851154056405558,-0.42182162404060364,-0.22596386075019836
18.13689422607422,1.5834342955777823,-0.28628376366432046,1.9835683099394568,-0.3289409279823303,-0.0773547850549221
18.169271230697632,1.5854772436575215,-0.2909487655968774,1.9835683099394568,-0.25463640689849854,-0.0
18.197113513946533,1.5873711552511127,-0.295273447820482,1.9835683099394568,-0.2360602542757988,-0.0
18.230643272399902,1.58921538813554,-0.2994846904140954,1.9835683099394568,-0.22986821830272675,-0.0
18.264914512634277,1.5906125120098435,-0.30267497490457546,1.9835683099394568,-0.174139816313982,-0.0
18.29827570915222,1.5906125120098435,-0.30267497490457546,1.9835683099394568,-0.0,-0.0
18.333393573760986,1.5906125120098435,-0.30267497490457546,1.9835683099394568,-0.0,-0.0
18.371732473373413,1.5906125120098435,-0.30267497490457546,1.9835683099394568,-0.0,-0.0
18.406375646591187,1.5906125120098435,-0.30267497490457546,1.9835683099394568,-0.0,-0.0
18.43906044960022,1.5906125120098435,-0.30267497490457546,1.9835683099394568,-0.0,-0.0
18.471893787384033,1.5906125120098435,-0.30267497490457546,1.9835683099394568,0.0,0.0
18.503155946731567,1.5906125120098435,-0.30267497490457546,1.9835683099394568,0.0,0.0
18.530741930007935,1.5906125120098435,-0.30267497490457546,1.9835683099394568,0.0,0.0
18.562368869781494,1.5906125120098435,-0.30267497490457546,1.9835683099394568,0.0,0.0
18.595173358917236,1.5906125120098435,-0.30267497490457546,1.9835683099394568,0.0,0.0
18.622107982635498,1.5906125120098435,-0.30267497490457546,1.9835683099394568,0.0,0.0
18.65451693534851,1.5906125120098435,-0.30267497490457546,1.9835683099394568,0.0,0.0
18.69223713874817,1.5906125120098435,-0.30267497490457546,1.9835683099394568,0.0,0.0
18.730314254760742,1.5906125120098435,-0.30267497490457546,1.9835683099394568,0.0,0.0
18.762170791625977,1.5906125120098435,-0.30267497490457546,1.9835683099394568,0.0,0.0
18.79262113571167,1.5906125120098435,-0.30267497490457546,1.9835683099394568,0.0,0.0
18.824239492416382,1.5906125120098435,-0.30267497490457546,1.9835683099394568,0.0,0.0
18.85064673423767,1.5906125120098435,-0.30267497490457546,1.9835683099394568,0.0,0.0
18.88298225402832,1.5906125120098435,-0.30267497490457546,1.9835683099394568,0.0,0.0
18.914705991744995,1.5906125120098435,-0.30267497490457546,1.9835683099394568,0.0,0.0
18.940480709075928,1.5906125120098435,-0.30267497490457546,1.9835683099394568,0.0,0.0
18.9720938205719,1.5906125120098435,-0.30267497490457546,1.9835683099394568,0.0,0.0
19.004400730133057,1.5906125120098435,-0.30267497490457546,1.9835683099394568,0.0,0.0
19.03238606452942,1.5906125120098435,-0.30267497490457546,1.9835683099394568,0.0,0.0
19.06421184539795,1.5906125120098435,-0.30267497490457546,1.9835683099394568,0.0,0.0
19.09176802635193,1.5906125120098435,-0.30267497490457546,1.9835683099394568,0.0,0.0
19.12246823310852,1.5906125120098435,-0.30267497490457546,1.9835683099394568,0.0,0.0
19.15393614768982,1.5906125120098435,-0.30267497490457546,1.9835683099394568,0.0,0.0
19.180407762527466,1.5906125120098435,-0.30267497490457546,1.9835683099394568,0.0,0.0
19.21226406097412,1.5906125120098435,-0.30267497490457546,1.9835683099394568,0.0,0.0
19.238117456436157,1.5906125120098435,-0.30267497490457546,1.9835683099394568,0.0,0.0
19.27156114578247,1.5906125120098435,-0.30267497490457546,1.9835683099394568,0.0,0.0
19.298842191696167,1.5906125120098435,-0.30267497490457546,1.9835683099394568,0.0,0.0
19.325020790100098,1.5906125120098435,-0.30267497490457546,1.9835683099394568,0.0,0.0
19.35537075996399,1.5906125120098435,-0.30267497490457546,1.9835683099394568,0.0,0.0
19.387063026428223,1.5906125120098435,-0.30267497490457546,1.9835683099394568,0.0,0.0
19.409974098205566,1.5906125120098435,-0.30267497490457546,1.9835683099394568,0.0,0.0
19.441259145736694,1.5906125120098435,-0.30267497490457546,1.9835683099394568,0.0,0.0
19.473599195480347,1.5906125120098435,-0.30267497490457546,1.9835683099394568,0.0,0.0
19.49969506263733,1.5906125120098435,-0.30267497490457546,1.9835683099394568,0.0,0.0
19.533093452453613,1.5906125120098435,-0.30267497490457546,1.9835683099394568,0.0,0.0
19.56442880630493,1.5906125120098435,-0.30267497490457546,1.9835683099394568,0.0,0.0
19.590953826904297,1.5906125120098435,-0.30267497490457546,1.9835683099394568,0.0,0.0
19.623432874679565,1.5906125120098435,-0.30267497490457546,1.9835683099394568,0.0,0.0
19.660966396331787,1.5906125120098435,-0.30267497490457546,1.9835683099394568,0.0,0.0
19.68928027153015,1.5906125120098435,-0.30267497490457546,1.9835683099394568,0.0,0.0
19.71625566482544,1.5906125120098435,-0.30267497490457546,1.9835683099394568,0.0,0.0
19.74915099143982,1.5906125120098435,-0.30267497490457546,1.9835683099394568,0.0,0.0
19.78029751777649,1.5906125120098435,-0.30267497490457546,1.9835683099394568,0.0,0.0
19.811403512954712,1.5906125120098435,-0.30267497490457546,1.9835683099394568,0.0,0.0
19.842320919036865,1.5906125120098435,-0.30267497490457546,1.9835683099394568,0.0,0.0
19.869311094284058,1.5906125120098435,-0.30267497490457546,1.9835683099394568,0.0,0.0
19.900979042053223,1.5906125120098435,-0.30267497490457546,1.9835683099394568,0.0,0.0
19.92677068710327,1.5906125120098435,-0.30267497490457546,1.9835683099394568,0.0,0.0
19.958116054534912,1.5906125120098435,-0.30267497490457546,1.9835683099394568,0.0,0.0
19.985985040664673,1.5906125120098435,-0.30267497490457546,1.9835683099394568,0.0,0.0
20.016824960708618,1.5906125120098435,-0.30267497490457546,1.9835683099394568,0.0,0.0
20.04420566558838,1.5906125120098435,-0.30267497490457546,1.9835683099394568,0.0,0.0
20.07611107826233,1.5906125120098435,-0.30267497490457546,1.9835683099394568,0.0,0.0
20.108438968658447,1.5906125120098435,-0.30267497490457546,1.9835683099394568,0.0,0.0
20.139869689941406,1.5906125120098435,-0.30267497490457546,1.9835683099394568,0.0,0.0
20.166418075561523,1.5906125120098435,-0.30267497490457546,1.9835683099394568,0.0,0.0
20.19817614555359,1.5906125120098435,-0.30267497490457546,1.9835683099394568,0.0,0.0
20.224806547164917,1.5906125120098435,-0.30267497490457546,1.9835683099394568,0.0,0.0
20.25610089302063,1.5906125120098435,-0.30267497490457546,1.9835683099394568,0.0,0.0
20.283185482025146,1.5906125120098435,-0.30267497490457546,1.9835683099394568,0.0,0.0
20.310648918151855,1.5906125120098435,-0.30267497490457546,1.9835683099394568,0.0,0.0
20.343623399734497,1.5906125120098435,-0.30267497490457546,1.9835683099394568,0.0,0.0
20.369194746017456,1.5906125120098435,-0.30267497490457546,1.9835683099394568,0.0,0.0
20.396717309951782,1.5906125120098435,-0.30267497490457546,1.9835683099394568,0.0,0.0
20.423737287521362,1.5906125120098435,-0.30267497490457546,1.9835683099394568,0.0,0.0
